day,qh,pmd
2023-01-01,1,0.0
2023-01-01,2,0.0
2023-01-01,3,0.0
2023-01-01,4,0.0
2023-01-01,5,0.0
2023-01-01,6,0.0
2023-01-01,7,0.0
2023-01-01,8,0.0
2023-01-01,9,0.0
2023-01-01,10,0.0
2023-01-01,11,0.0
2023-01-01,12,0.0
2023-01-01,13,0.0
2023-01-01,14,0.0
2023-01-01,15,0.0
2023-01-01,16,0.0
2023-01-01,17,0.0
2023-01-01,18,0.0
2023-01-01,19,0.0
2023-01-01,20,0.0
2023-01-01,21,0.0
2023-01-01,22,0.0
2023-01-01,23,0.0
2023-01-01,24,0.0
2023-01-01,25,0.0
2023-01-01,26,0.0
2023-01-01,27,0.0
2023-01-01,28,0.0
2023-01-01,29,0.0
2023-01-01,30,0.0
2023-01-01,31,0.0
2023-01-01,32,0.0
2023-01-01,33,0.0
2023-01-01,34,0.0
2023-01-01,35,0.0
2023-01-01,36,0.0
2023-01-01,37,0.0
2023-01-01,38,0.0
2023-01-01,39,0.0
2023-01-01,40,0.0
2023-01-01,41,0.0
2023-01-01,42,0.0
2023-01-01,43,0.0
2023-01-01,44,0.0
2023-01-01,45,0.0
2023-01-01,46,0.0
2023-01-01,47,0.0
2023-01-01,48,0.0
2023-01-01,49,0.0
2023-01-01,50,0.0
2023-01-01,51,0.0
2023-01-01,52,0.0
2023-01-01,53,0.1
2023-01-01,54,0.1
2023-01-01,55,0.1
2023-01-01,56,0.1
2023-01-01,57,0.1
2023-01-01,58,0.1
2023-01-01,59,0.1
2023-01-01,60,0.1
2023-01-01,61,0.01
2023-01-01,62,0.01
2023-01-01,63,0.01
2023-01-01,64,0.01
2023-01-01,65,1.0
2023-01-01,66,1.0
2023-01-01,67,1.0
2023-01-01,68,1.0
2023-01-01,69,4.16
2023-01-01,70,4.16
2023-01-01,71,4.16
2023-01-01,72,4.16
2023-01-01,73,15.1
2023-01-01,74,15.1
2023-01-01,75,15.1
2023-01-01,76,15.1
2023-01-01,77,19.51
2023-01-01,78,19.51
2023-01-01,79,19.51
2023-01-01,80,19.51
2023-01-01,81,24.61
2023-01-01,82,24.61
2023-01-01,83,24.61
2023-01-01,84,24.61
2023-01-01,85,40.07
2023-01-01,86,40.07
2023-01-01,87,40.07
2023-01-01,88,40.07
2023-01-01,89,40.07
2023-01-01,90,40.07
2023-01-01,91,40.07
2023-01-01,92,40.07
2023-01-01,93,16.0
2023-01-01,94,16.0
2023-01-01,95,16.0
2023-01-01,96,16.0
2023-01-02,1,61.38
2023-01-02,2,61.38
2023-01-02,3,61.38
2023-01-02,4,61.38
2023-01-02,5,42.17
2023-01-02,6,42.17
2023-01-02,7,42.17
2023-01-02,8,42.17
2023-01-02,9,42.0
2023-01-02,10,42.0
2023-01-02,11,42.0
2023-01-02,12,42.0
2023-01-02,13,42.07
2023-01-02,14,42.07
2023-01-02,15,42.07
2023-01-02,16,42.07
2023-01-02,17,42.17
2023-01-02,18,42.17
2023-01-02,19,42.17
2023-01-02,20,42.17
2023-01-02,21,63.22
2023-01-02,22,63.22
2023-01-02,23,63.22
2023-01-02,24,63.22
2023-01-02,25,85.0
2023-01-02,26,85.0
2023-01-02,27,85.0
2023-01-02,28,85.0
2023-01-02,29,105.36
2023-01-02,30,105.36
2023-01-02,31,105.36
2023-01-02,32,105.36
2023-01-02,33,131.0
2023-01-02,34,131.0
2023-01-02,35,131.0
2023-01-02,36,131.0
2023-01-02,37,131.58
2023-01-02,38,131.58
2023-01-02,39,131.58
2023-01-02,40,131.58
2023-01-02,41,127.0
2023-01-02,42,127.0
2023-01-02,43,127.0
2023-01-02,44,127.0
2023-01-02,45,126.07
2023-01-02,46,126.07
2023-01-02,47,126.07
2023-01-02,48,126.07
2023-01-02,49,127.0
2023-01-02,50,127.0
2023-01-02,51,127.0
2023-01-02,52,127.0
2023-01-02,53,130.0
2023-01-02,54,130.0
2023-01-02,55,130.0
2023-01-02,56,130.0
2023-01-02,57,131.0
2023-01-02,58,131.0
2023-01-02,59,131.0
2023-01-02,60,131.0
2023-01-02,61,128.0
2023-01-02,62,128.0
2023-01-02,63,128.0
2023-01-02,64,128.0
2023-01-02,65,131.88
2023-01-02,66,131.88
2023-01-02,67,131.88
2023-01-02,68,131.88
2023-01-02,69,160.0
2023-01-02,70,160.0
2023-01-02,71,160.0
2023-01-02,72,160.0
2023-01-02,73,174.74
2023-01-02,74,174.74
2023-01-02,75,174.74
2023-01-02,76,174.74
2023-01-02,77,165.76
2023-01-02,78,165.76
2023-01-02,79,165.76
2023-01-02,80,165.76
2023-01-02,81,153.0
2023-01-02,82,153.0
2023-01-02,83,153.0
2023-01-02,84,153.0
2023-01-02,85,141.67
2023-01-02,86,141.67
2023-01-02,87,141.67
2023-01-02,88,141.67
2023-01-02,89,134.91
2023-01-02,90,134.91
2023-01-02,91,134.91
2023-01-02,92,134.91
2023-01-02,93,124.22
2023-01-02,94,124.22
2023-01-02,95,124.22
2023-01-02,96,124.22
2023-01-03,1,130.01
2023-01-03,2,130.01
2023-01-03,3,130.01
2023-01-03,4,130.01
2023-01-03,5,120.0
2023-01-03,6,120.0
2023-01-03,7,120.0
2023-01-03,8,120.0
2023-01-03,9,118.76
2023-01-03,10,118.76
2023-01-03,11,118.76
2023-01-03,12,118.76
2023-01-03,13,115.0
2023-01-03,14,115.0
2023-01-03,15,115.0
2023-01-03,16,115.0
2023-01-03,17,113.63
2023-01-03,18,113.63
2023-01-03,19,113.63
2023-01-03,20,113.63
2023-01-03,21,116.27
2023-01-03,22,116.27
2023-01-03,23,116.27
2023-01-03,24,116.27
2023-01-03,25,138.92
2023-01-03,26,138.92
2023-01-03,27,138.92
2023-01-03,28,138.92
2023-01-03,29,155.59
2023-01-03,30,155.59
2023-01-03,31,155.59
2023-01-03,32,155.59
2023-01-03,33,169.17
2023-01-03,34,169.17
2023-01-03,35,169.17
2023-01-03,36,169.17
2023-01-03,37,171.18
2023-01-03,38,171.18
2023-01-03,39,171.18
2023-01-03,40,171.18
2023-01-03,41,154.9
2023-01-03,42,154.9
2023-01-03,43,154.9
2023-01-03,44,154.9
2023-01-03,45,146.71
2023-01-03,46,146.71
2023-01-03,47,146.71
2023-01-03,48,146.71
2023-01-03,49,133.33
2023-01-03,50,133.33
2023-01-03,51,133.33
2023-01-03,52,133.33
2023-01-03,53,130.0
2023-01-03,54,130.0
2023-01-03,55,130.0
2023-01-03,56,130.0
2023-01-03,57,126.0
2023-01-03,58,126.0
2023-01-03,59,126.0
2023-01-03,60,126.0
2023-01-03,61,120.0
2023-01-03,62,120.0
2023-01-03,63,120.0
2023-01-03,64,120.0
2023-01-03,65,135.56
2023-01-03,66,135.56
2023-01-03,67,135.56
2023-01-03,68,135.56
2023-01-03,69,156.3
2023-01-03,70,156.3
2023-01-03,71,156.3
2023-01-03,72,156.3
2023-01-03,73,169.01
2023-01-03,74,169.01
2023-01-03,75,169.01
2023-01-03,76,169.01
2023-01-03,77,160.99
2023-01-03,78,160.99
2023-01-03,79,160.99
2023-01-03,80,160.99
2023-01-03,81,152.1
2023-01-03,82,152.1
2023-01-03,83,152.1
2023-01-03,84,152.1
2023-01-03,85,149.92
2023-01-03,86,149.92
2023-01-03,87,149.92
2023-01-03,88,149.92
2023-01-03,89,132.53
2023-01-03,90,132.53
2023-01-03,91,132.53
2023-01-03,92,132.53
2023-01-03,93,115.0
2023-01-03,94,115.0
2023-01-03,95,115.0
2023-01-03,96,115.0
2023-01-04,1,119.99
2023-01-04,2,119.99
2023-01-04,3,119.99
2023-01-04,4,119.99
2023-01-04,5,100.0
2023-01-04,6,100.0
2023-01-04,7,100.0
2023-01-04,8,100.0
2023-01-04,9,90.23
2023-01-04,10,90.23
2023-01-04,11,90.23
2023-01-04,12,90.23
2023-01-04,13,84.2
2023-01-04,14,84.2
2023-01-04,15,84.2
2023-01-04,16,84.2
2023-01-04,17,80.23
2023-01-04,18,80.23
2023-01-04,19,80.23
2023-01-04,20,80.23
2023-01-04,21,87.31
2023-01-04,22,87.31
2023-01-04,23,87.31
2023-01-04,24,87.31
2023-01-04,25,109.0
2023-01-04,26,109.0
2023-01-04,27,109.0
2023-01-04,28,109.0
2023-01-04,29,105.1
2023-01-04,30,105.1
2023-01-04,31,105.1
2023-01-04,32,105.1
2023-01-04,33,134.16
2023-01-04,34,134.16
2023-01-04,35,134.16
2023-01-04,36,134.16
2023-01-04,37,129.3
2023-01-04,38,129.3
2023-01-04,39,129.3
2023-01-04,40,129.3
2023-01-04,41,120.7
2023-01-04,42,120.7
2023-01-04,43,120.7
2023-01-04,44,120.7
2023-01-04,45,96.77
2023-01-04,46,96.77
2023-01-04,47,96.77
2023-01-04,48,96.77
2023-01-04,49,105.03
2023-01-04,50,105.03
2023-01-04,51,105.03
2023-01-04,52,105.03
2023-01-04,53,106.0
2023-01-04,54,106.0
2023-01-04,55,106.0
2023-01-04,56,106.0
2023-01-04,57,105.07
2023-01-04,58,105.07
2023-01-04,59,105.07
2023-01-04,60,105.07
2023-01-04,61,103.9
2023-01-04,62,103.9
2023-01-04,63,103.9
2023-01-04,64,103.9
2023-01-04,65,107.98
2023-01-04,66,107.98
2023-01-04,67,107.98
2023-01-04,68,107.98
2023-01-04,69,129.82
2023-01-04,70,129.82
2023-01-04,71,129.82
2023-01-04,72,129.82
2023-01-04,73,167.29
2023-01-04,74,167.29
2023-01-04,75,167.29
2023-01-04,76,167.29
2023-01-04,77,160.6
2023-01-04,78,160.6
2023-01-04,79,160.6
2023-01-04,80,160.6
2023-01-04,81,151.55
2023-01-04,82,151.55
2023-01-04,83,151.55
2023-01-04,84,151.55
2023-01-04,85,140.61
2023-01-04,86,140.61
2023-01-04,87,140.61
2023-01-04,88,140.61
2023-01-04,89,126.58
2023-01-04,90,126.58
2023-01-04,91,126.58
2023-01-04,92,126.58
2023-01-04,93,104.75
2023-01-04,94,104.75
2023-01-04,95,104.75
2023-01-04,96,104.75
2023-01-05,1,95.05
2023-01-05,2,95.05
2023-01-05,3,95.05
2023-01-05,4,95.05
2023-01-05,5,79.21
2023-01-05,6,79.21
2023-01-05,7,79.21
2023-01-05,8,79.21
2023-01-05,9,68.07
2023-01-05,10,68.07
2023-01-05,11,68.07
2023-01-05,12,68.07
2023-01-05,13,64.27
2023-01-05,14,64.27
2023-01-05,15,64.27
2023-01-05,16,64.27
2023-01-05,17,61.97
2023-01-05,18,61.97
2023-01-05,19,61.97
2023-01-05,20,61.97
2023-01-05,21,65.1
2023-01-05,22,65.1
2023-01-05,23,65.1
2023-01-05,24,65.1
2023-01-05,25,95.05
2023-01-05,26,95.05
2023-01-05,27,95.05
2023-01-05,28,95.05
2023-01-05,29,108.23
2023-01-05,30,108.23
2023-01-05,31,108.23
2023-01-05,32,108.23
2023-01-05,33,135.0
2023-01-05,34,135.0
2023-01-05,35,135.0
2023-01-05,36,135.0
2023-01-05,37,123.27
2023-01-05,38,123.27
2023-01-05,39,123.27
2023-01-05,40,123.27
2023-01-05,41,104.97
2023-01-05,42,104.97
2023-01-05,43,104.97
2023-01-05,44,104.97
2023-01-05,45,113.53
2023-01-05,46,113.53
2023-01-05,47,113.53
2023-01-05,48,113.53
2023-01-05,49,100.82
2023-01-05,50,100.82
2023-01-05,51,100.82
2023-01-05,52,100.82
2023-01-05,53,96.44
2023-01-05,54,96.44
2023-01-05,55,96.44
2023-01-05,56,96.44
2023-01-05,57,93.9
2023-01-05,58,93.9
2023-01-05,59,93.9
2023-01-05,60,93.9
2023-01-05,61,91.16
2023-01-05,62,91.16
2023-01-05,63,91.16
2023-01-05,64,91.16
2023-01-05,65,94.43
2023-01-05,66,94.43
2023-01-05,67,94.43
2023-01-05,68,94.43
2023-01-05,69,118.9
2023-01-05,70,118.9
2023-01-05,71,118.9
2023-01-05,72,118.9
2023-01-05,73,163.2
2023-01-05,74,163.2
2023-01-05,75,163.2
2023-01-05,76,163.2
2023-01-05,77,177.98
2023-01-05,78,177.98
2023-01-05,79,177.98
2023-01-05,80,177.98
2023-01-05,81,163.99
2023-01-05,82,163.99
2023-01-05,83,163.99
2023-01-05,84,163.99
2023-01-05,85,152.0
2023-01-05,86,152.0
2023-01-05,87,152.0
2023-01-05,88,152.0
2023-01-05,89,135.0
2023-01-05,90,135.0
2023-01-05,91,135.0
2023-01-05,92,135.0
2023-01-05,93,118.9
2023-01-05,94,118.9
2023-01-05,95,118.9
2023-01-05,96,118.9
2023-01-06,1,107.21
2023-01-06,2,107.21
2023-01-06,3,107.21
2023-01-06,4,107.21
2023-01-06,5,101.1
2023-01-06,6,101.1
2023-01-06,7,101.1
2023-01-06,8,101.1
2023-01-06,9,96.73
2023-01-06,10,96.73
2023-01-06,11,96.73
2023-01-06,12,96.73
2023-01-06,13,81.37
2023-01-06,14,81.37
2023-01-06,15,81.37
2023-01-06,16,81.37
2023-01-06,17,75.75
2023-01-06,18,75.75
2023-01-06,19,75.75
2023-01-06,20,75.75
2023-01-06,21,81.0
2023-01-06,22,81.0
2023-01-06,23,81.0
2023-01-06,24,81.0
2023-01-06,25,97.45
2023-01-06,26,97.45
2023-01-06,27,97.45
2023-01-06,28,97.45
2023-01-06,29,107.82
2023-01-06,30,107.82
2023-01-06,31,107.82
2023-01-06,32,107.82
2023-01-06,33,122.8
2023-01-06,34,122.8
2023-01-06,35,122.8
2023-01-06,36,122.8
2023-01-06,37,125.0
2023-01-06,38,125.0
2023-01-06,39,125.0
2023-01-06,40,125.0
2023-01-06,41,120.7
2023-01-06,42,120.7
2023-01-06,43,120.7
2023-01-06,44,120.7
2023-01-06,45,110.05
2023-01-06,46,110.05
2023-01-06,47,110.05
2023-01-06,48,110.05
2023-01-06,49,103.36
2023-01-06,50,103.36
2023-01-06,51,103.36
2023-01-06,52,103.36
2023-01-06,53,90.23
2023-01-06,54,90.23
2023-01-06,55,90.23
2023-01-06,56,90.23
2023-01-06,57,80.23
2023-01-06,58,80.23
2023-01-06,59,80.23
2023-01-06,60,80.23
2023-01-06,61,70.0
2023-01-06,62,70.0
2023-01-06,63,70.0
2023-01-06,64,70.0
2023-01-06,65,80.43
2023-01-06,66,80.43
2023-01-06,67,80.43
2023-01-06,68,80.43
2023-01-06,69,121.2
2023-01-06,70,121.2
2023-01-06,71,121.2
2023-01-06,72,121.2
2023-01-06,73,128.47
2023-01-06,74,128.47
2023-01-06,75,128.47
2023-01-06,76,128.47
2023-01-06,77,137.73
2023-01-06,78,137.73
2023-01-06,79,137.73
2023-01-06,80,137.73
2023-01-06,81,137.73
2023-01-06,82,137.73
2023-01-06,83,137.73
2023-01-06,84,137.73
2023-01-06,85,132.0
2023-01-06,86,132.0
2023-01-06,87,132.0
2023-01-06,88,132.0
2023-01-06,89,99.9
2023-01-06,90,99.9
2023-01-06,91,99.9
2023-01-06,92,99.9
2023-01-06,93,91.1
2023-01-06,94,91.1
2023-01-06,95,91.1
2023-01-06,96,91.1
2023-01-07,1,53.42
2023-01-07,2,53.42
2023-01-07,3,53.42
2023-01-07,4,53.42
2023-01-07,5,40.3
2023-01-07,6,40.3
2023-01-07,7,40.3
2023-01-07,8,40.3
2023-01-07,9,25.5
2023-01-07,10,25.5
2023-01-07,11,25.5
2023-01-07,12,25.5
2023-01-07,13,24.8
2023-01-07,14,24.8
2023-01-07,15,24.8
2023-01-07,16,24.8
2023-01-07,17,20.0
2023-01-07,18,20.0
2023-01-07,19,20.0
2023-01-07,20,20.0
2023-01-07,21,14.85
2023-01-07,22,14.85
2023-01-07,23,14.85
2023-01-07,24,14.85
2023-01-07,25,14.85
2023-01-07,26,14.85
2023-01-07,27,14.85
2023-01-07,28,14.85
2023-01-07,29,14.0
2023-01-07,30,14.0
2023-01-07,31,14.0
2023-01-07,32,14.0
2023-01-07,33,18.28
2023-01-07,34,18.28
2023-01-07,35,18.28
2023-01-07,36,18.28
2023-01-07,37,20.2
2023-01-07,38,20.2
2023-01-07,39,20.2
2023-01-07,40,20.2
2023-01-07,41,18.28
2023-01-07,42,18.28
2023-01-07,43,18.28
2023-01-07,44,18.28
2023-01-07,45,14.0
2023-01-07,46,14.0
2023-01-07,47,14.0
2023-01-07,48,14.0
2023-01-07,49,10.35
2023-01-07,50,10.35
2023-01-07,51,10.35
2023-01-07,52,10.35
2023-01-07,53,8.0
2023-01-07,54,8.0
2023-01-07,55,8.0
2023-01-07,56,8.0
2023-01-07,57,5.46
2023-01-07,58,5.46
2023-01-07,59,5.46
2023-01-07,60,5.46
2023-01-07,61,4.16
2023-01-07,62,4.16
2023-01-07,63,4.16
2023-01-07,64,4.16
2023-01-07,65,8.0
2023-01-07,66,8.0
2023-01-07,67,8.0
2023-01-07,68,8.0
2023-01-07,69,24.61
2023-01-07,70,24.61
2023-01-07,71,24.61
2023-01-07,72,24.61
2023-01-07,73,40.0
2023-01-07,74,40.0
2023-01-07,75,40.0
2023-01-07,76,40.0
2023-01-07,77,43.45
2023-01-07,78,43.45
2023-01-07,79,43.45
2023-01-07,80,43.45
2023-01-07,81,50.0
2023-01-07,82,50.0
2023-01-07,83,50.0
2023-01-07,84,50.0
2023-01-07,85,43.45
2023-01-07,86,43.45
2023-01-07,87,43.45
2023-01-07,88,43.45
2023-01-07,89,30.0
2023-01-07,90,30.0
2023-01-07,91,30.0
2023-01-07,92,30.0
2023-01-07,93,24.61
2023-01-07,94,24.61
2023-01-07,95,24.61
2023-01-07,96,24.61
2023-01-08,1,7.0
2023-01-08,2,7.0
2023-01-08,3,7.0
2023-01-08,4,7.0
2023-01-08,5,5.0
2023-01-08,6,5.0
2023-01-08,7,5.0
2023-01-08,8,5.0
2023-01-08,9,4.2
2023-01-08,10,4.2
2023-01-08,11,4.2
2023-01-08,12,4.2
2023-01-08,13,4.16
2023-01-08,14,4.16
2023-01-08,15,4.16
2023-01-08,16,4.16
2023-01-08,17,4.16
2023-01-08,18,4.16
2023-01-08,19,4.16
2023-01-08,20,4.16
2023-01-08,21,4.16
2023-01-08,22,4.16
2023-01-08,23,4.16
2023-01-08,24,4.16
2023-01-08,25,4.16
2023-01-08,26,4.16
2023-01-08,27,4.16
2023-01-08,28,4.16
2023-01-08,29,4.16
2023-01-08,30,4.16
2023-01-08,31,4.16
2023-01-08,32,4.16
2023-01-08,33,4.16
2023-01-08,34,4.16
2023-01-08,35,4.16
2023-01-08,36,4.16
2023-01-08,37,5.0
2023-01-08,38,5.0
2023-01-08,39,5.0
2023-01-08,40,5.0
2023-01-08,41,5.1
2023-01-08,42,5.1
2023-01-08,43,5.1
2023-01-08,44,5.1
2023-01-08,45,5.05
2023-01-08,46,5.05
2023-01-08,47,5.05
2023-01-08,48,5.05
2023-01-08,49,4.9
2023-01-08,50,4.9
2023-01-08,51,4.9
2023-01-08,52,4.9
2023-01-08,53,5.0
2023-01-08,54,5.0
2023-01-08,55,5.0
2023-01-08,56,5.0
2023-01-08,57,4.6
2023-01-08,58,4.6
2023-01-08,59,4.6
2023-01-08,60,4.6
2023-01-08,61,4.2
2023-01-08,62,4.2
2023-01-08,63,4.2
2023-01-08,64,4.2
2023-01-08,65,4.6
2023-01-08,66,4.6
2023-01-08,67,4.6
2023-01-08,68,4.6
2023-01-08,69,7.1
2023-01-08,70,7.1
2023-01-08,71,7.1
2023-01-08,72,7.1
2023-01-08,73,17.8
2023-01-08,74,17.8
2023-01-08,75,17.8
2023-01-08,76,17.8
2023-01-08,77,24.61
2023-01-08,78,24.61
2023-01-08,79,24.61
2023-01-08,80,24.61
2023-01-08,81,40.0
2023-01-08,82,40.0
2023-01-08,83,40.0
2023-01-08,84,40.0
2023-01-08,85,40.0
2023-01-08,86,40.0
2023-01-08,87,40.0
2023-01-08,88,40.0
2023-01-08,89,21.94
2023-01-08,90,21.94
2023-01-08,91,21.94
2023-01-08,92,21.94
2023-01-08,93,15.7
2023-01-08,94,15.7
2023-01-08,95,15.7
2023-01-08,96,15.7
2023-01-09,1,5.1
2023-01-09,2,5.1
2023-01-09,3,5.1
2023-01-09,4,5.1
2023-01-09,5,4.2
2023-01-09,6,4.2
2023-01-09,7,4.2
2023-01-09,8,4.2
2023-01-09,9,4.2
2023-01-09,10,4.2
2023-01-09,11,4.2
2023-01-09,12,4.2
2023-01-09,13,4.2
2023-01-09,14,4.2
2023-01-09,15,4.2
2023-01-09,16,4.2
2023-01-09,17,4.6
2023-01-09,18,4.6
2023-01-09,19,4.6
2023-01-09,20,4.6
2023-01-09,21,5.5
2023-01-09,22,5.5
2023-01-09,23,5.5
2023-01-09,24,5.5
2023-01-09,25,24.61
2023-01-09,26,24.61
2023-01-09,27,24.61
2023-01-09,28,24.61
2023-01-09,29,80.0
2023-01-09,30,80.0
2023-01-09,31,80.0
2023-01-09,32,80.0
2023-01-09,33,118.0
2023-01-09,34,118.0
2023-01-09,35,118.0
2023-01-09,36,118.0
2023-01-09,37,121.16
2023-01-09,38,121.16
2023-01-09,39,121.16
2023-01-09,40,121.16
2023-01-09,41,119.58
2023-01-09,42,119.58
2023-01-09,43,119.58
2023-01-09,44,119.58
2023-01-09,45,115.0
2023-01-09,46,115.0
2023-01-09,47,115.0
2023-01-09,48,115.0
2023-01-09,49,106.0
2023-01-09,50,106.0
2023-01-09,51,106.0
2023-01-09,52,106.0
2023-01-09,53,91.84
2023-01-09,54,91.84
2023-01-09,55,91.84
2023-01-09,56,91.84
2023-01-09,57,81.28
2023-01-09,58,81.28
2023-01-09,59,81.28
2023-01-09,60,81.28
2023-01-09,61,72.32
2023-01-09,62,72.32
2023-01-09,63,72.32
2023-01-09,64,72.32
2023-01-09,65,99.1
2023-01-09,66,99.1
2023-01-09,67,99.1
2023-01-09,68,99.1
2023-01-09,69,130.26
2023-01-09,70,130.26
2023-01-09,71,130.26
2023-01-09,72,130.26
2023-01-09,73,161.5
2023-01-09,74,161.5
2023-01-09,75,161.5
2023-01-09,76,161.5
2023-01-09,77,171.62
2023-01-09,78,171.62
2023-01-09,79,171.62
2023-01-09,80,171.62
2023-01-09,81,161.21
2023-01-09,82,161.21
2023-01-09,83,161.21
2023-01-09,84,161.21
2023-01-09,85,139.16
2023-01-09,86,139.16
2023-01-09,87,139.16
2023-01-09,88,139.16
2023-01-09,89,132.0
2023-01-09,90,132.0
2023-01-09,91,132.0
2023-01-09,92,132.0
2023-01-09,93,106.34
2023-01-09,94,106.34
2023-01-09,95,106.34
2023-01-09,96,106.34
2023-01-10,1,105.98
2023-01-10,2,105.98
2023-01-10,3,105.98
2023-01-10,4,105.98
2023-01-10,5,96.79
2023-01-10,6,96.79
2023-01-10,7,96.79
2023-01-10,8,96.79
2023-01-10,9,95.31
2023-01-10,10,95.31
2023-01-10,11,95.31
2023-01-10,12,95.31
2023-01-10,13,90.19
2023-01-10,14,90.19
2023-01-10,15,90.19
2023-01-10,16,90.19
2023-01-10,17,93.0
2023-01-10,18,93.0
2023-01-10,19,93.0
2023-01-10,20,93.0
2023-01-10,21,98.0
2023-01-10,22,98.0
2023-01-10,23,98.0
2023-01-10,24,98.0
2023-01-10,25,117.67
2023-01-10,26,117.67
2023-01-10,27,117.67
2023-01-10,28,117.67
2023-01-10,29,132.67
2023-01-10,30,132.67
2023-01-10,31,132.67
2023-01-10,32,132.67
2023-01-10,33,141.84
2023-01-10,34,141.84
2023-01-10,35,141.84
2023-01-10,36,141.84
2023-01-10,37,141.44
2023-01-10,38,141.44
2023-01-10,39,141.44
2023-01-10,40,141.44
2023-01-10,41,125.3
2023-01-10,42,125.3
2023-01-10,43,125.3
2023-01-10,44,125.3
2023-01-10,45,101.0
2023-01-10,46,101.0
2023-01-10,47,101.0
2023-01-10,48,101.0
2023-01-10,49,97.6
2023-01-10,50,97.6
2023-01-10,51,97.6
2023-01-10,52,97.6
2023-01-10,53,95.5
2023-01-10,54,95.5
2023-01-10,55,95.5
2023-01-10,56,95.5
2023-01-10,57,92.6
2023-01-10,58,92.6
2023-01-10,59,92.6
2023-01-10,60,92.6
2023-01-10,61,92.0
2023-01-10,62,92.0
2023-01-10,63,92.0
2023-01-10,64,92.0
2023-01-10,65,98.0
2023-01-10,66,98.0
2023-01-10,67,98.0
2023-01-10,68,98.0
2023-01-10,69,133.28
2023-01-10,70,133.28
2023-01-10,71,133.28
2023-01-10,72,133.28
2023-01-10,73,144.74
2023-01-10,74,144.74
2023-01-10,75,144.74
2023-01-10,76,144.74
2023-01-10,77,141.07
2023-01-10,78,141.07
2023-01-10,79,141.07
2023-01-10,80,141.07
2023-01-10,81,124.84
2023-01-10,82,124.84
2023-01-10,83,124.84
2023-01-10,84,124.84
2023-01-10,85,109.65
2023-01-10,86,109.65
2023-01-10,87,109.65
2023-01-10,88,109.65
2023-01-10,89,92.8
2023-01-10,90,92.8
2023-01-10,91,92.8
2023-01-10,92,92.8
2023-01-10,93,64.3
2023-01-10,94,64.3
2023-01-10,95,64.3
2023-01-10,96,64.3
2023-01-11,1,35.0
2023-01-11,2,35.0
2023-01-11,3,35.0
2023-01-11,4,35.0
2023-01-11,5,8.0
2023-01-11,6,8.0
2023-01-11,7,8.0
2023-01-11,8,8.0
2023-01-11,9,4.16
2023-01-11,10,4.16
2023-01-11,11,4.16
2023-01-11,12,4.16
2023-01-11,13,4.16
2023-01-11,14,4.16
2023-01-11,15,4.16
2023-01-11,16,4.16
2023-01-11,17,4.16
2023-01-11,18,4.16
2023-01-11,19,4.16
2023-01-11,20,4.16
2023-01-11,21,5.53
2023-01-11,22,5.53
2023-01-11,23,5.53
2023-01-11,24,5.53
2023-01-11,25,64.37
2023-01-11,26,64.37
2023-01-11,27,64.37
2023-01-11,28,64.37
2023-01-11,29,99.99
2023-01-11,30,99.99
2023-01-11,31,99.99
2023-01-11,32,99.99
2023-01-11,33,139.02
2023-01-11,34,139.02
2023-01-11,35,139.02
2023-01-11,36,139.02
2023-01-11,37,138.67
2023-01-11,38,138.67
2023-01-11,39,138.67
2023-01-11,40,138.67
2023-01-11,41,130.0
2023-01-11,42,130.0
2023-01-11,43,130.0
2023-01-11,44,130.0
2023-01-11,45,107.35
2023-01-11,46,107.35
2023-01-11,47,107.35
2023-01-11,48,107.35
2023-01-11,49,95.96
2023-01-11,50,95.96
2023-01-11,51,95.96
2023-01-11,52,95.96
2023-01-11,53,84.77
2023-01-11,54,84.77
2023-01-11,55,84.77
2023-01-11,56,84.77
2023-01-11,57,66.02
2023-01-11,58,66.02
2023-01-11,59,66.02
2023-01-11,60,66.02
2023-01-11,61,62.87
2023-01-11,62,62.87
2023-01-11,63,62.87
2023-01-11,64,62.87
2023-01-11,65,85.15
2023-01-11,66,85.15
2023-01-11,67,85.15
2023-01-11,68,85.15
2023-01-11,69,130.0
2023-01-11,70,130.0
2023-01-11,71,130.0
2023-01-11,72,130.0
2023-01-11,73,134.95
2023-01-11,74,134.95
2023-01-11,75,134.95
2023-01-11,76,134.95
2023-01-11,77,131.96
2023-01-11,78,131.96
2023-01-11,79,131.96
2023-01-11,80,131.96
2023-01-11,81,136.65
2023-01-11,82,136.65
2023-01-11,83,136.65
2023-01-11,84,136.65
2023-01-11,85,135.07
2023-01-11,86,135.07
2023-01-11,87,135.07
2023-01-11,88,135.07
2023-01-11,89,115.16
2023-01-11,90,115.16
2023-01-11,91,115.16
2023-01-11,92,115.16
2023-01-11,93,93.08
2023-01-11,94,93.08
2023-01-11,95,93.08
2023-01-11,96,93.08
2023-01-12,1,69.5
2023-01-12,2,69.5
2023-01-12,3,69.5
2023-01-12,4,69.5
2023-01-12,5,56.6
2023-01-12,6,56.6
2023-01-12,7,56.6
2023-01-12,8,56.6
2023-01-12,9,56.0
2023-01-12,10,56.0
2023-01-12,11,56.0
2023-01-12,12,56.0
2023-01-12,13,56.0
2023-01-12,14,56.0
2023-01-12,15,56.0
2023-01-12,16,56.0
2023-01-12,17,55.7
2023-01-12,18,55.7
2023-01-12,19,55.7
2023-01-12,20,55.7
2023-01-12,21,56.6
2023-01-12,22,56.6
2023-01-12,23,56.6
2023-01-12,24,56.6
2023-01-12,25,91.12
2023-01-12,26,91.12
2023-01-12,27,91.12
2023-01-12,28,91.12
2023-01-12,29,118.91
2023-01-12,30,118.91
2023-01-12,31,118.91
2023-01-12,32,118.91
2023-01-12,33,122.1
2023-01-12,34,122.1
2023-01-12,35,122.1
2023-01-12,36,122.1
2023-01-12,37,120.0
2023-01-12,38,120.0
2023-01-12,39,120.0
2023-01-12,40,120.0
2023-01-12,41,102.84
2023-01-12,42,102.84
2023-01-12,43,102.84
2023-01-12,44,102.84
2023-01-12,45,98.6
2023-01-12,46,98.6
2023-01-12,47,98.6
2023-01-12,48,98.6
2023-01-12,49,85.67
2023-01-12,50,85.67
2023-01-12,51,85.67
2023-01-12,52,85.67
2023-01-12,53,81.59
2023-01-12,54,81.59
2023-01-12,55,81.59
2023-01-12,56,81.59
2023-01-12,57,70.34
2023-01-12,58,70.34
2023-01-12,59,70.34
2023-01-12,60,70.34
2023-01-12,61,70.76
2023-01-12,62,70.76
2023-01-12,63,70.76
2023-01-12,64,70.76
2023-01-12,65,94.18
2023-01-12,66,94.18
2023-01-12,67,94.18
2023-01-12,68,94.18
2023-01-12,69,120.63
2023-01-12,70,120.63
2023-01-12,71,120.63
2023-01-12,72,120.63
2023-01-12,73,132.89
2023-01-12,74,132.89
2023-01-12,75,132.89
2023-01-12,76,132.89
2023-01-12,77,141.43
2023-01-12,78,141.43
2023-01-12,79,141.43
2023-01-12,80,141.43
2023-01-12,81,142.22
2023-01-12,82,142.22
2023-01-12,83,142.22
2023-01-12,84,142.22
2023-01-12,85,114.74
2023-01-12,86,114.74
2023-01-12,87,114.74
2023-01-12,88,114.74
2023-01-12,89,104.79
2023-01-12,90,104.79
2023-01-12,91,104.79
2023-01-12,92,104.79
2023-01-12,93,61.32
2023-01-12,94,61.32
2023-01-12,95,61.32
2023-01-12,96,61.32
2023-01-13,1,59.83
2023-01-13,2,59.83
2023-01-13,3,59.83
2023-01-13,4,59.83
2023-01-13,5,44.2
2023-01-13,6,44.2
2023-01-13,7,44.2
2023-01-13,8,44.2
2023-01-13,9,39.05
2023-01-13,10,39.05
2023-01-13,11,39.05
2023-01-13,12,39.05
2023-01-13,13,39.0
2023-01-13,14,39.0
2023-01-13,15,39.0
2023-01-13,16,39.0
2023-01-13,17,38.7
2023-01-13,18,38.7
2023-01-13,19,38.7
2023-01-13,20,38.7
2023-01-13,21,39.0
2023-01-13,22,39.0
2023-01-13,23,39.0
2023-01-13,24,39.0
2023-01-13,25,58.92
2023-01-13,26,58.92
2023-01-13,27,58.92
2023-01-13,28,58.92
2023-01-13,29,92.58
2023-01-13,30,92.58
2023-01-13,31,92.58
2023-01-13,32,92.58
2023-01-13,33,111.33
2023-01-13,34,111.33
2023-01-13,35,111.33
2023-01-13,36,111.33
2023-01-13,37,106.03
2023-01-13,38,106.03
2023-01-13,39,106.03
2023-01-13,40,106.03
2023-01-13,41,98.74
2023-01-13,42,98.74
2023-01-13,43,98.74
2023-01-13,44,98.74
2023-01-13,45,91.17
2023-01-13,46,91.17
2023-01-13,47,91.17
2023-01-13,48,91.17
2023-01-13,49,82.89
2023-01-13,50,82.89
2023-01-13,51,82.89
2023-01-13,52,82.89
2023-01-13,53,76.14
2023-01-13,54,76.14
2023-01-13,55,76.14
2023-01-13,56,76.14
2023-01-13,57,77.96
2023-01-13,58,77.96
2023-01-13,59,77.96
2023-01-13,60,77.96
2023-01-13,61,80.0
2023-01-13,62,80.0
2023-01-13,63,80.0
2023-01-13,64,80.0
2023-01-13,65,90.14
2023-01-13,66,90.14
2023-01-13,67,90.14
2023-01-13,68,90.14
2023-01-13,69,113.13
2023-01-13,70,113.13
2023-01-13,71,113.13
2023-01-13,72,113.13
2023-01-13,73,128.08
2023-01-13,74,128.08
2023-01-13,75,128.08
2023-01-13,76,128.08
2023-01-13,77,149.0
2023-01-13,78,149.0
2023-01-13,79,149.0
2023-01-13,80,149.0
2023-01-13,81,154.7
2023-01-13,82,154.7
2023-01-13,83,154.7
2023-01-13,84,154.7
2023-01-13,85,138.69
2023-01-13,86,138.69
2023-01-13,87,138.69
2023-01-13,88,138.69
2023-01-13,89,110.37
2023-01-13,90,110.37
2023-01-13,91,110.37
2023-01-13,92,110.37
2023-01-13,93,103.94
2023-01-13,94,103.94
2023-01-13,95,103.94
2023-01-13,96,103.94
2023-01-14,1,80.0
2023-01-14,2,80.0
2023-01-14,3,80.0
2023-01-14,4,80.0
2023-01-14,5,73.5
2023-01-14,6,73.5
2023-01-14,7,73.5
2023-01-14,8,73.5
2023-01-14,9,65.91
2023-01-14,10,65.91
2023-01-14,11,65.91
2023-01-14,12,65.91
2023-01-14,13,49.95
2023-01-14,14,49.95
2023-01-14,15,49.95
2023-01-14,16,49.95
2023-01-14,17,45.37
2023-01-14,18,45.37
2023-01-14,19,45.37
2023-01-14,20,45.37
2023-01-14,21,45.0
2023-01-14,22,45.0
2023-01-14,23,45.0
2023-01-14,24,45.0
2023-01-14,25,48.23
2023-01-14,26,48.23
2023-01-14,27,48.23
2023-01-14,28,48.23
2023-01-14,29,59.39
2023-01-14,30,59.39
2023-01-14,31,59.39
2023-01-14,32,59.39
2023-01-14,33,60.65
2023-01-14,34,60.65
2023-01-14,35,60.65
2023-01-14,36,60.65
2023-01-14,37,68.71
2023-01-14,38,68.71
2023-01-14,39,68.71
2023-01-14,40,68.71
2023-01-14,41,54.23
2023-01-14,42,54.23
2023-01-14,43,54.23
2023-01-14,44,54.23
2023-01-14,45,45.4
2023-01-14,46,45.4
2023-01-14,47,45.4
2023-01-14,48,45.4
2023-01-14,49,45.4
2023-01-14,50,45.4
2023-01-14,51,45.4
2023-01-14,52,45.4
2023-01-14,53,45.0
2023-01-14,54,45.0
2023-01-14,55,45.0
2023-01-14,56,45.0
2023-01-14,57,40.0
2023-01-14,58,40.0
2023-01-14,59,40.0
2023-01-14,60,40.0
2023-01-14,61,35.0
2023-01-14,62,35.0
2023-01-14,63,35.0
2023-01-14,64,35.0
2023-01-14,65,42.97
2023-01-14,66,42.97
2023-01-14,67,42.97
2023-01-14,68,42.97
2023-01-14,69,54.23
2023-01-14,70,54.23
2023-01-14,71,54.23
2023-01-14,72,54.23
2023-01-14,73,64.5
2023-01-14,74,64.5
2023-01-14,75,64.5
2023-01-14,76,64.5
2023-01-14,77,69.78
2023-01-14,78,69.78
2023-01-14,79,69.78
2023-01-14,80,69.78
2023-01-14,81,54.52
2023-01-14,82,54.52
2023-01-14,83,54.52
2023-01-14,84,54.52
2023-01-14,85,45.0
2023-01-14,86,45.0
2023-01-14,87,45.0
2023-01-14,88,45.0
2023-01-14,89,44.2
2023-01-14,90,44.2
2023-01-14,91,44.2
2023-01-14,92,44.2
2023-01-14,93,35.0
2023-01-14,94,35.0
2023-01-14,95,35.0
2023-01-14,96,35.0
2023-01-15,1,25.0
2023-01-15,2,25.0
2023-01-15,3,25.0
2023-01-15,4,25.0
2023-01-15,5,17.08
2023-01-15,6,17.08
2023-01-15,7,17.08
2023-01-15,8,17.08
2023-01-15,9,13.94
2023-01-15,10,13.94
2023-01-15,11,13.94
2023-01-15,12,13.94
2023-01-15,13,4.16
2023-01-15,14,4.16
2023-01-15,15,4.16
2023-01-15,16,4.16
2023-01-15,17,3.1
2023-01-15,18,3.1
2023-01-15,19,3.1
2023-01-15,20,3.1
2023-01-15,21,4.16
2023-01-15,22,4.16
2023-01-15,23,4.16
2023-01-15,24,4.16
2023-01-15,25,4.16
2023-01-15,26,4.16
2023-01-15,27,4.16
2023-01-15,28,4.16
2023-01-15,29,5.0
2023-01-15,30,5.0
2023-01-15,31,5.0
2023-01-15,32,5.0
2023-01-15,33,16.18
2023-01-15,34,16.18
2023-01-15,35,16.18
2023-01-15,36,16.18
2023-01-15,37,26.73
2023-01-15,38,26.73
2023-01-15,39,26.73
2023-01-15,40,26.73
2023-01-15,41,31.1
2023-01-15,42,31.1
2023-01-15,43,31.1
2023-01-15,44,31.1
2023-01-15,45,24.61
2023-01-15,46,24.61
2023-01-15,47,24.61
2023-01-15,48,24.61
2023-01-15,49,23.0
2023-01-15,50,23.0
2023-01-15,51,23.0
2023-01-15,52,23.0
2023-01-15,53,21.94
2023-01-15,54,21.94
2023-01-15,55,21.94
2023-01-15,56,21.94
2023-01-15,57,19.23
2023-01-15,58,19.23
2023-01-15,59,19.23
2023-01-15,60,19.23
2023-01-15,61,15.0
2023-01-15,62,15.0
2023-01-15,63,15.0
2023-01-15,64,15.0
2023-01-15,65,19.93
2023-01-15,66,19.93
2023-01-15,67,19.93
2023-01-15,68,19.93
2023-01-15,69,30.0
2023-01-15,70,30.0
2023-01-15,71,30.0
2023-01-15,72,30.0
2023-01-15,73,35.6
2023-01-15,74,35.6
2023-01-15,75,35.6
2023-01-15,76,35.6
2023-01-15,77,40.0
2023-01-15,78,40.0
2023-01-15,79,40.0
2023-01-15,80,40.0
2023-01-15,81,50.56
2023-01-15,82,50.56
2023-01-15,83,50.56
2023-01-15,84,50.56
2023-01-15,85,41.28
2023-01-15,86,41.28
2023-01-15,87,41.28
2023-01-15,88,41.28
2023-01-15,89,34.5
2023-01-15,90,34.5
2023-01-15,91,34.5
2023-01-15,92,34.5
2023-01-15,93,23.0
2023-01-15,94,23.0
2023-01-15,95,23.0
2023-01-15,96,23.0
2023-01-16,1,4.16
2023-01-16,2,4.16
2023-01-16,3,4.16
2023-01-16,4,4.16
2023-01-16,5,3.0
2023-01-16,6,3.0
2023-01-16,7,3.0
2023-01-16,8,3.0
2023-01-16,9,4.16
2023-01-16,10,4.16
2023-01-16,11,4.16
2023-01-16,12,4.16
2023-01-16,13,3.0
2023-01-16,14,3.0
2023-01-16,15,3.0
2023-01-16,16,3.0
2023-01-16,17,3.0
2023-01-16,18,3.0
2023-01-16,19,3.0
2023-01-16,20,3.0
2023-01-16,21,4.16
2023-01-16,22,4.16
2023-01-16,23,4.16
2023-01-16,24,4.16
2023-01-16,25,4.16
2023-01-16,26,4.16
2023-01-16,27,4.16
2023-01-16,28,4.16
2023-01-16,29,12.0
2023-01-16,30,12.0
2023-01-16,31,12.0
2023-01-16,32,12.0
2023-01-16,33,22.8
2023-01-16,34,22.8
2023-01-16,35,22.8
2023-01-16,36,22.8
2023-01-16,37,22.8
2023-01-16,38,22.8
2023-01-16,39,22.8
2023-01-16,40,22.8
2023-01-16,41,20.9
2023-01-16,42,20.9
2023-01-16,43,20.9
2023-01-16,44,20.9
2023-01-16,45,14.0
2023-01-16,46,14.0
2023-01-16,47,14.0
2023-01-16,48,14.0
2023-01-16,49,14.0
2023-01-16,50,14.0
2023-01-16,51,14.0
2023-01-16,52,14.0
2023-01-16,53,15.0
2023-01-16,54,15.0
2023-01-16,55,15.0
2023-01-16,56,15.0
2023-01-16,57,9.69
2023-01-16,58,9.69
2023-01-16,59,9.69
2023-01-16,60,9.69
2023-01-16,61,9.69
2023-01-16,62,9.69
2023-01-16,63,9.69
2023-01-16,64,9.69
2023-01-16,65,9.69
2023-01-16,66,9.69
2023-01-16,67,9.69
2023-01-16,68,9.69
2023-01-16,69,14.0
2023-01-16,70,14.0
2023-01-16,71,14.0
2023-01-16,72,14.0
2023-01-16,73,22.4
2023-01-16,74,22.4
2023-01-16,75,22.4
2023-01-16,76,22.4
2023-01-16,77,31.75
2023-01-16,78,31.75
2023-01-16,79,31.75
2023-01-16,80,31.75
2023-01-16,81,34.2
2023-01-16,82,34.2
2023-01-16,83,34.2
2023-01-16,84,34.2
2023-01-16,85,24.61
2023-01-16,86,24.61
2023-01-16,87,24.61
2023-01-16,88,24.61
2023-01-16,89,9.99
2023-01-16,90,9.99
2023-01-16,91,9.99
2023-01-16,92,9.99
2023-01-16,93,4.16
2023-01-16,94,4.16
2023-01-16,95,4.16
2023-01-16,96,4.16
2023-01-17,1,4.16
2023-01-17,2,4.16
2023-01-17,3,4.16
2023-01-17,4,4.16
2023-01-17,5,4.16
2023-01-17,6,4.16
2023-01-17,7,4.16
2023-01-17,8,4.16
2023-01-17,9,2.99
2023-01-17,10,2.99
2023-01-17,11,2.99
2023-01-17,12,2.99
2023-01-17,13,1.49
2023-01-17,14,1.49
2023-01-17,15,1.49
2023-01-17,16,1.49
2023-01-17,17,0.65
2023-01-17,18,0.65
2023-01-17,19,0.65
2023-01-17,20,0.65
2023-01-17,21,1.49
2023-01-17,22,1.49
2023-01-17,23,1.49
2023-01-17,24,1.49
2023-01-17,25,4.16
2023-01-17,26,4.16
2023-01-17,27,4.16
2023-01-17,28,4.16
2023-01-17,29,4.16
2023-01-17,30,4.16
2023-01-17,31,4.16
2023-01-17,32,4.16
2023-01-17,33,4.7
2023-01-17,34,4.7
2023-01-17,35,4.7
2023-01-17,36,4.7
2023-01-17,37,4.85
2023-01-17,38,4.85
2023-01-17,39,4.85
2023-01-17,40,4.85
2023-01-17,41,4.16
2023-01-17,42,4.16
2023-01-17,43,4.16
2023-01-17,44,4.16
2023-01-17,45,4.16
2023-01-17,46,4.16
2023-01-17,47,4.16
2023-01-17,48,4.16
2023-01-17,49,4.16
2023-01-17,50,4.16
2023-01-17,51,4.16
2023-01-17,52,4.16
2023-01-17,53,4.16
2023-01-17,54,4.16
2023-01-17,55,4.16
2023-01-17,56,4.16
2023-01-17,57,4.16
2023-01-17,58,4.16
2023-01-17,59,4.16
2023-01-17,60,4.16
2023-01-17,61,4.16
2023-01-17,62,4.16
2023-01-17,63,4.16
2023-01-17,64,4.16
2023-01-17,65,4.16
2023-01-17,66,4.16
2023-01-17,67,4.16
2023-01-17,68,4.16
2023-01-17,69,4.16
2023-01-17,70,4.16
2023-01-17,71,4.16
2023-01-17,72,4.16
2023-01-17,73,4.95
2023-01-17,74,4.95
2023-01-17,75,4.95
2023-01-17,76,4.95
2023-01-17,77,12.46
2023-01-17,78,12.46
2023-01-17,79,12.46
2023-01-17,80,12.46
2023-01-17,81,17.5
2023-01-17,82,17.5
2023-01-17,83,17.5
2023-01-17,84,17.5
2023-01-17,85,12.2
2023-01-17,86,12.2
2023-01-17,87,12.2
2023-01-17,88,12.2
2023-01-17,89,4.95
2023-01-17,90,4.95
2023-01-17,91,4.95
2023-01-17,92,4.95
2023-01-17,93,4.16
2023-01-17,94,4.16
2023-01-17,95,4.16
2023-01-17,96,4.16
2023-01-18,1,3.8
2023-01-18,2,3.8
2023-01-18,3,3.8
2023-01-18,4,3.8
2023-01-18,5,0.57
2023-01-18,6,0.57
2023-01-18,7,0.57
2023-01-18,8,0.57
2023-01-18,9,0.1
2023-01-18,10,0.1
2023-01-18,11,0.1
2023-01-18,12,0.1
2023-01-18,13,0.1
2023-01-18,14,0.1
2023-01-18,15,0.1
2023-01-18,16,0.1
2023-01-18,17,0.12
2023-01-18,18,0.12
2023-01-18,19,0.12
2023-01-18,20,0.12
2023-01-18,21,0.65
2023-01-18,22,0.65
2023-01-18,23,0.65
2023-01-18,24,0.65
2023-01-18,25,1.8
2023-01-18,26,1.8
2023-01-18,27,1.8
2023-01-18,28,1.8
2023-01-18,29,10.0
2023-01-18,30,10.0
2023-01-18,31,10.0
2023-01-18,32,10.0
2023-01-18,33,24.61
2023-01-18,34,24.61
2023-01-18,35,24.61
2023-01-18,36,24.61
2023-01-18,37,21.34
2023-01-18,38,21.34
2023-01-18,39,21.34
2023-01-18,40,21.34
2023-01-18,41,12.6
2023-01-18,42,12.6
2023-01-18,43,12.6
2023-01-18,44,12.6
2023-01-18,45,4.16
2023-01-18,46,4.16
2023-01-18,47,4.16
2023-01-18,48,4.16
2023-01-18,49,4.16
2023-01-18,50,4.16
2023-01-18,51,4.16
2023-01-18,52,4.16
2023-01-18,53,4.16
2023-01-18,54,4.16
2023-01-18,55,4.16
2023-01-18,56,4.16
2023-01-18,57,4.16
2023-01-18,58,4.16
2023-01-18,59,4.16
2023-01-18,60,4.16
2023-01-18,61,4.16
2023-01-18,62,4.16
2023-01-18,63,4.16
2023-01-18,64,4.16
2023-01-18,65,4.16
2023-01-18,66,4.16
2023-01-18,67,4.16
2023-01-18,68,4.16
2023-01-18,69,14.0
2023-01-18,70,14.0
2023-01-18,71,14.0
2023-01-18,72,14.0
2023-01-18,73,35.74
2023-01-18,74,35.74
2023-01-18,75,35.74
2023-01-18,76,35.74
2023-01-18,77,105.95
2023-01-18,78,105.95
2023-01-18,79,105.95
2023-01-18,80,105.95
2023-01-18,81,122.7
2023-01-18,82,122.7
2023-01-18,83,122.7
2023-01-18,84,122.7
2023-01-18,85,100.0
2023-01-18,86,100.0
2023-01-18,87,100.0
2023-01-18,88,100.0
2023-01-18,89,25.59
2023-01-18,90,25.59
2023-01-18,91,25.59
2023-01-18,92,25.59
2023-01-18,93,14.0
2023-01-18,94,14.0
2023-01-18,95,14.0
2023-01-18,96,14.0
2023-01-19,1,40.86
2023-01-19,2,40.86
2023-01-19,3,40.86
2023-01-19,4,40.86
2023-01-19,5,29.99
2023-01-19,6,29.99
2023-01-19,7,29.99
2023-01-19,8,29.99
2023-01-19,9,24.98
2023-01-19,10,24.98
2023-01-19,11,24.98
2023-01-19,12,24.98
2023-01-19,13,24.61
2023-01-19,14,24.61
2023-01-19,15,24.61
2023-01-19,16,24.61
2023-01-19,17,24.0
2023-01-19,18,24.0
2023-01-19,19,24.0
2023-01-19,20,24.0
2023-01-19,21,24.61
2023-01-19,22,24.61
2023-01-19,23,24.61
2023-01-19,24,24.61
2023-01-19,25,26.4
2023-01-19,26,26.4
2023-01-19,27,26.4
2023-01-19,28,26.4
2023-01-19,29,62.0
2023-01-19,30,62.0
2023-01-19,31,62.0
2023-01-19,32,62.0
2023-01-19,33,94.8
2023-01-19,34,94.8
2023-01-19,35,94.8
2023-01-19,36,94.8
2023-01-19,37,66.72
2023-01-19,38,66.72
2023-01-19,39,66.72
2023-01-19,40,66.72
2023-01-19,41,26.8
2023-01-19,42,26.8
2023-01-19,43,26.8
2023-01-19,44,26.8
2023-01-19,45,22.6
2023-01-19,46,22.6
2023-01-19,47,22.6
2023-01-19,48,22.6
2023-01-19,49,21.94
2023-01-19,50,21.94
2023-01-19,51,21.94
2023-01-19,52,21.94
2023-01-19,53,21.0
2023-01-19,54,21.0
2023-01-19,55,21.0
2023-01-19,56,21.0
2023-01-19,57,18.57
2023-01-19,58,18.57
2023-01-19,59,18.57
2023-01-19,60,18.57
2023-01-19,61,18.35
2023-01-19,62,18.35
2023-01-19,63,18.35
2023-01-19,64,18.35
2023-01-19,65,20.0
2023-01-19,66,20.0
2023-01-19,67,20.0
2023-01-19,68,20.0
2023-01-19,69,24.61
2023-01-19,70,24.61
2023-01-19,71,24.61
2023-01-19,72,24.61
2023-01-19,73,38.59
2023-01-19,74,38.59
2023-01-19,75,38.59
2023-01-19,76,38.59
2023-01-19,77,48.85
2023-01-19,78,48.85
2023-01-19,79,48.85
2023-01-19,80,48.85
2023-01-19,81,54.8
2023-01-19,82,54.8
2023-01-19,83,54.8
2023-01-19,84,54.8
2023-01-19,85,41.3
2023-01-19,86,41.3
2023-01-19,87,41.3
2023-01-19,88,41.3
2023-01-19,89,30.0
2023-01-19,90,30.0
2023-01-19,91,30.0
2023-01-19,92,30.0
2023-01-19,93,21.94
2023-01-19,94,21.94
2023-01-19,95,21.94
2023-01-19,96,21.94
2023-01-20,1,48.9
2023-01-20,2,48.9
2023-01-20,3,48.9
2023-01-20,4,48.9
2023-01-20,5,44.5
2023-01-20,6,44.5
2023-01-20,7,44.5
2023-01-20,8,44.5
2023-01-20,9,29.99
2023-01-20,10,29.99
2023-01-20,11,29.99
2023-01-20,12,29.99
2023-01-20,13,30.0
2023-01-20,14,30.0
2023-01-20,15,30.0
2023-01-20,16,30.0
2023-01-20,17,37.01
2023-01-20,18,37.01
2023-01-20,19,37.01
2023-01-20,20,37.01
2023-01-20,21,48.0
2023-01-20,22,48.0
2023-01-20,23,48.0
2023-01-20,24,48.0
2023-01-20,25,53.7
2023-01-20,26,53.7
2023-01-20,27,53.7
2023-01-20,28,53.7
2023-01-20,29,71.72
2023-01-20,30,71.72
2023-01-20,31,71.72
2023-01-20,32,71.72
2023-01-20,33,90.58
2023-01-20,34,90.58
2023-01-20,35,90.58
2023-01-20,36,90.58
2023-01-20,37,93.38
2023-01-20,38,93.38
2023-01-20,39,93.38
2023-01-20,40,93.38
2023-01-20,41,83.82
2023-01-20,42,83.82
2023-01-20,43,83.82
2023-01-20,44,83.82
2023-01-20,45,77.0
2023-01-20,46,77.0
2023-01-20,47,77.0
2023-01-20,48,77.0
2023-01-20,49,82.85
2023-01-20,50,82.85
2023-01-20,51,82.85
2023-01-20,52,82.85
2023-01-20,53,76.77
2023-01-20,54,76.77
2023-01-20,55,76.77
2023-01-20,56,76.77
2023-01-20,57,75.0
2023-01-20,58,75.0
2023-01-20,59,75.0
2023-01-20,60,75.0
2023-01-20,61,75.0
2023-01-20,62,75.0
2023-01-20,63,75.0
2023-01-20,64,75.0
2023-01-20,65,88.3
2023-01-20,66,88.3
2023-01-20,67,88.3
2023-01-20,68,88.3
2023-01-20,69,115.97
2023-01-20,70,115.97
2023-01-20,71,115.97
2023-01-20,72,115.97
2023-01-20,73,164.3
2023-01-20,74,164.3
2023-01-20,75,164.3
2023-01-20,76,164.3
2023-01-20,77,207.8
2023-01-20,78,207.8
2023-01-20,79,207.8
2023-01-20,80,207.8
2023-01-20,81,197.95
2023-01-20,82,197.95
2023-01-20,83,197.95
2023-01-20,84,197.95
2023-01-20,85,175.89
2023-01-20,86,175.89
2023-01-20,87,175.89
2023-01-20,88,175.89
2023-01-20,89,126.9
2023-01-20,90,126.9
2023-01-20,91,126.9
2023-01-20,92,126.9
2023-01-20,93,93.53
2023-01-20,94,93.53
2023-01-20,95,93.53
2023-01-20,96,93.53
2023-01-21,1,75.76
2023-01-21,2,75.76
2023-01-21,3,75.76
2023-01-21,4,75.76
2023-01-21,5,60.5
2023-01-21,6,60.5
2023-01-21,7,60.5
2023-01-21,8,60.5
2023-01-21,9,56.0
2023-01-21,10,56.0
2023-01-21,11,56.0
2023-01-21,12,56.0
2023-01-21,13,52.0
2023-01-21,14,52.0
2023-01-21,15,52.0
2023-01-21,16,52.0
2023-01-21,17,50.0
2023-01-21,18,50.0
2023-01-21,19,50.0
2023-01-21,20,50.0
2023-01-21,21,45.19
2023-01-21,22,45.19
2023-01-21,23,45.19
2023-01-21,24,45.19
2023-01-21,25,45.19
2023-01-21,26,45.19
2023-01-21,27,45.19
2023-01-21,28,45.19
2023-01-21,29,52.49
2023-01-21,30,52.49
2023-01-21,31,52.49
2023-01-21,32,52.49
2023-01-21,33,55.16
2023-01-21,34,55.16
2023-01-21,35,55.16
2023-01-21,36,55.16
2023-01-21,37,55.16
2023-01-21,38,55.16
2023-01-21,39,55.16
2023-01-21,40,55.16
2023-01-21,41,52.49
2023-01-21,42,52.49
2023-01-21,43,52.49
2023-01-21,44,52.49
2023-01-21,45,50.0
2023-01-21,46,50.0
2023-01-21,47,50.0
2023-01-21,48,50.0
2023-01-21,49,45.0
2023-01-21,50,45.0
2023-01-21,51,45.0
2023-01-21,52,45.0
2023-01-21,53,44.8
2023-01-21,54,44.8
2023-01-21,55,44.8
2023-01-21,56,44.8
2023-01-21,57,43.77
2023-01-21,58,43.77
2023-01-21,59,43.77
2023-01-21,60,43.77
2023-01-21,61,37.76
2023-01-21,62,37.76
2023-01-21,63,37.76
2023-01-21,64,37.76
2023-01-21,65,44.8
2023-01-21,66,44.8
2023-01-21,67,44.8
2023-01-21,68,44.8
2023-01-21,69,54.6
2023-01-21,70,54.6
2023-01-21,71,54.6
2023-01-21,72,54.6
2023-01-21,73,75.76
2023-01-21,74,75.76
2023-01-21,75,75.76
2023-01-21,76,75.76
2023-01-21,77,93.01
2023-01-21,78,93.01
2023-01-21,79,93.01
2023-01-21,80,93.01
2023-01-21,81,111.56
2023-01-21,82,111.56
2023-01-21,83,111.56
2023-01-21,84,111.56
2023-01-21,85,91.16
2023-01-21,86,91.16
2023-01-21,87,91.16
2023-01-21,88,91.16
2023-01-21,89,67.2
2023-01-21,90,67.2
2023-01-21,91,67.2
2023-01-21,92,67.2
2023-01-21,93,54.02
2023-01-21,94,54.02
2023-01-21,95,54.02
2023-01-21,96,54.02
2023-01-22,1,32.37
2023-01-22,2,32.37
2023-01-22,3,32.37
2023-01-22,4,32.37
2023-01-22,5,18.0
2023-01-22,6,18.0
2023-01-22,7,18.0
2023-01-22,8,18.0
2023-01-22,9,20.0
2023-01-22,10,20.0
2023-01-22,11,20.0
2023-01-22,12,20.0
2023-01-22,13,14.0
2023-01-22,14,14.0
2023-01-22,15,14.0
2023-01-22,16,14.0
2023-01-22,17,13.84
2023-01-22,18,13.84
2023-01-22,19,13.84
2023-01-22,20,13.84
2023-01-22,21,13.29
2023-01-22,22,13.29
2023-01-22,23,13.29
2023-01-22,24,13.29
2023-01-22,25,11.0
2023-01-22,26,11.0
2023-01-22,27,11.0
2023-01-22,28,11.0
2023-01-22,29,16.0
2023-01-22,30,16.0
2023-01-22,31,16.0
2023-01-22,32,16.0
2023-01-22,33,30.1
2023-01-22,34,30.1
2023-01-22,35,30.1
2023-01-22,36,30.1
2023-01-22,37,28.09
2023-01-22,38,28.09
2023-01-22,39,28.09
2023-01-22,40,28.09
2023-01-22,41,18.0
2023-01-22,42,18.0
2023-01-22,43,18.0
2023-01-22,44,18.0
2023-01-22,45,15.0
2023-01-22,46,15.0
2023-01-22,47,15.0
2023-01-22,48,15.0
2023-01-22,49,18.0
2023-01-22,50,18.0
2023-01-22,51,18.0
2023-01-22,52,18.0
2023-01-22,53,20.0
2023-01-22,54,20.0
2023-01-22,55,20.0
2023-01-22,56,20.0
2023-01-22,57,20.15
2023-01-22,58,20.15
2023-01-22,59,20.15
2023-01-22,60,20.15
2023-01-22,61,18.0
2023-01-22,62,18.0
2023-01-22,63,18.0
2023-01-22,64,18.0
2023-01-22,65,21.94
2023-01-22,66,21.94
2023-01-22,67,21.94
2023-01-22,68,21.94
2023-01-22,69,32.99
2023-01-22,70,32.99
2023-01-22,71,32.99
2023-01-22,72,32.99
2023-01-22,73,71.72
2023-01-22,74,71.72
2023-01-22,75,71.72
2023-01-22,76,71.72
2023-01-22,77,88.65
2023-01-22,78,88.65
2023-01-22,79,88.65
2023-01-22,80,88.65
2023-01-22,81,128.97
2023-01-22,82,128.97
2023-01-22,83,128.97
2023-01-22,84,128.97
2023-01-22,85,124.51
2023-01-22,86,124.51
2023-01-22,87,124.51
2023-01-22,88,124.51
2023-01-22,89,75.0
2023-01-22,90,75.0
2023-01-22,91,75.0
2023-01-22,92,75.0
2023-01-22,93,55.16
2023-01-22,94,55.16
2023-01-22,95,55.16
2023-01-22,96,55.16
2023-01-23,1,50.0
2023-01-23,2,50.0
2023-01-23,3,50.0
2023-01-23,4,50.0
2023-01-23,5,39.58
2023-01-23,6,39.58
2023-01-23,7,39.58
2023-01-23,8,39.58
2023-01-23,9,34.44
2023-01-23,10,34.44
2023-01-23,11,34.44
2023-01-23,12,34.44
2023-01-23,13,37.78
2023-01-23,14,37.78
2023-01-23,15,37.78
2023-01-23,16,37.78
2023-01-23,17,37.78
2023-01-23,18,37.78
2023-01-23,19,37.78
2023-01-23,20,37.78
2023-01-23,21,40.01
2023-01-23,22,40.01
2023-01-23,23,40.01
2023-01-23,24,40.01
2023-01-23,25,50.0
2023-01-23,26,50.0
2023-01-23,27,50.0
2023-01-23,28,50.0
2023-01-23,29,63.0
2023-01-23,30,63.0
2023-01-23,31,63.0
2023-01-23,32,63.0
2023-01-23,33,88.65
2023-01-23,34,88.65
2023-01-23,35,88.65
2023-01-23,36,88.65
2023-01-23,37,95.01
2023-01-23,38,95.01
2023-01-23,39,95.01
2023-01-23,40,95.01
2023-01-23,41,63.0
2023-01-23,42,63.0
2023-01-23,43,63.0
2023-01-23,44,63.0
2023-01-23,45,59.6
2023-01-23,46,59.6
2023-01-23,47,59.6
2023-01-23,48,59.6
2023-01-23,49,59.16
2023-01-23,50,59.16
2023-01-23,51,59.16
2023-01-23,52,59.16
2023-01-23,53,59.16
2023-01-23,54,59.16
2023-01-23,55,59.16
2023-01-23,56,59.16
2023-01-23,57,54.0
2023-01-23,58,54.0
2023-01-23,59,54.0
2023-01-23,60,54.0
2023-01-23,61,53.8
2023-01-23,62,53.8
2023-01-23,63,53.8
2023-01-23,64,53.8
2023-01-23,65,59.6
2023-01-23,66,59.6
2023-01-23,67,59.6
2023-01-23,68,59.6
2023-01-23,69,65.0
2023-01-23,70,65.0
2023-01-23,71,65.0
2023-01-23,72,65.0
2023-01-23,73,109.0
2023-01-23,74,109.0
2023-01-23,75,109.0
2023-01-23,76,109.0
2023-01-23,77,156.4
2023-01-23,78,156.4
2023-01-23,79,156.4
2023-01-23,80,156.4
2023-01-23,81,157.22
2023-01-23,82,157.22
2023-01-23,83,157.22
2023-01-23,84,157.22
2023-01-23,85,150.5
2023-01-23,86,150.5
2023-01-23,87,150.5
2023-01-23,88,150.5
2023-01-23,89,78.59
2023-01-23,90,78.59
2023-01-23,91,78.59
2023-01-23,92,78.59
2023-01-23,93,64.8
2023-01-23,94,64.8
2023-01-23,95,64.8
2023-01-23,96,64.8
2023-01-24,1,63.0
2023-01-24,2,63.0
2023-01-24,3,63.0
2023-01-24,4,63.0
2023-01-24,5,51.9
2023-01-24,6,51.9
2023-01-24,7,51.9
2023-01-24,8,51.9
2023-01-24,9,48.62
2023-01-24,10,48.62
2023-01-24,11,48.62
2023-01-24,12,48.62
2023-01-24,13,47.85
2023-01-24,14,47.85
2023-01-24,15,47.85
2023-01-24,16,47.85
2023-01-24,17,49.67
2023-01-24,18,49.67
2023-01-24,19,49.67
2023-01-24,20,49.67
2023-01-24,21,51.9
2023-01-24,22,51.9
2023-01-24,23,51.9
2023-01-24,24,51.9
2023-01-24,25,60.3
2023-01-24,26,60.3
2023-01-24,27,60.3
2023-01-24,28,60.3
2023-01-24,29,80.03
2023-01-24,30,80.03
2023-01-24,31,80.03
2023-01-24,32,80.03
2023-01-24,33,95.0
2023-01-24,34,95.0
2023-01-24,35,95.0
2023-01-24,36,95.0
2023-01-24,37,88.02
2023-01-24,38,88.02
2023-01-24,39,88.02
2023-01-24,40,88.02
2023-01-24,41,65.0
2023-01-24,42,65.0
2023-01-24,43,65.0
2023-01-24,44,65.0
2023-01-24,45,63.16
2023-01-24,46,63.16
2023-01-24,47,63.16
2023-01-24,48,63.16
2023-01-24,49,64.0
2023-01-24,50,64.0
2023-01-24,51,64.0
2023-01-24,52,64.0
2023-01-24,53,64.02
2023-01-24,54,64.02
2023-01-24,55,64.02
2023-01-24,56,64.02
2023-01-24,57,64.0
2023-01-24,58,64.0
2023-01-24,59,64.0
2023-01-24,60,64.0
2023-01-24,61,64.0
2023-01-24,62,64.0
2023-01-24,63,64.0
2023-01-24,64,64.0
2023-01-24,65,64.02
2023-01-24,66,64.02
2023-01-24,67,64.02
2023-01-24,68,64.02
2023-01-24,69,94.0
2023-01-24,70,94.0
2023-01-24,71,94.0
2023-01-24,72,94.0
2023-01-24,73,138.17
2023-01-24,74,138.17
2023-01-24,75,138.17
2023-01-24,76,138.17
2023-01-24,77,220.0
2023-01-24,78,220.0
2023-01-24,79,220.0
2023-01-24,80,220.0
2023-01-24,81,218.08
2023-01-24,82,218.08
2023-01-24,83,218.08
2023-01-24,84,218.08
2023-01-24,85,156.0
2023-01-24,86,156.0
2023-01-24,87,156.0
2023-01-24,88,156.0
2023-01-24,89,103.01
2023-01-24,90,103.01
2023-01-24,91,103.01
2023-01-24,92,103.01
2023-01-24,93,85.0
2023-01-24,94,85.0
2023-01-24,95,85.0
2023-01-24,96,85.0
2023-01-25,1,100.0
2023-01-25,2,100.0
2023-01-25,3,100.0
2023-01-25,4,100.0
2023-01-25,5,84.87
2023-01-25,6,84.87
2023-01-25,7,84.87
2023-01-25,8,84.87
2023-01-25,9,70.0
2023-01-25,10,70.0
2023-01-25,11,70.0
2023-01-25,12,70.0
2023-01-25,13,66.81
2023-01-25,14,66.81
2023-01-25,15,66.81
2023-01-25,16,66.81
2023-01-25,17,66.81
2023-01-25,18,66.81
2023-01-25,19,66.81
2023-01-25,20,66.81
2023-01-25,21,70.01
2023-01-25,22,70.01
2023-01-25,23,70.01
2023-01-25,24,70.01
2023-01-25,25,79.01
2023-01-25,26,79.01
2023-01-25,27,79.01
2023-01-25,28,79.01
2023-01-25,29,99.76
2023-01-25,30,99.76
2023-01-25,31,99.76
2023-01-25,32,99.76
2023-01-25,33,132.96
2023-01-25,34,132.96
2023-01-25,35,132.96
2023-01-25,36,132.96
2023-01-25,37,106.01
2023-01-25,38,106.01
2023-01-25,39,106.01
2023-01-25,40,106.01
2023-01-25,41,87.38
2023-01-25,42,87.38
2023-01-25,43,87.38
2023-01-25,44,87.38
2023-01-25,45,66.81
2023-01-25,46,66.81
2023-01-25,47,66.81
2023-01-25,48,66.81
2023-01-25,49,65.33
2023-01-25,50,65.33
2023-01-25,51,65.33
2023-01-25,52,65.33
2023-01-25,53,65.0
2023-01-25,54,65.0
2023-01-25,55,65.0
2023-01-25,56,65.0
2023-01-25,57,64.99
2023-01-25,58,64.99
2023-01-25,59,64.99
2023-01-25,60,64.99
2023-01-25,61,64.8
2023-01-25,62,64.8
2023-01-25,63,64.8
2023-01-25,64,64.8
2023-01-25,65,64.8
2023-01-25,66,64.8
2023-01-25,67,64.8
2023-01-25,68,64.8
2023-01-25,69,91.16
2023-01-25,70,91.16
2023-01-25,71,91.16
2023-01-25,72,91.16
2023-01-25,73,118.47
2023-01-25,74,118.47
2023-01-25,75,118.47
2023-01-25,76,118.47
2023-01-25,77,210.34
2023-01-25,78,210.34
2023-01-25,79,210.34
2023-01-25,80,210.34
2023-01-25,81,192.28
2023-01-25,82,192.28
2023-01-25,83,192.28
2023-01-25,84,192.28
2023-01-25,85,117.01
2023-01-25,86,117.01
2023-01-25,87,117.01
2023-01-25,88,117.01
2023-01-25,89,88.65
2023-01-25,90,88.65
2023-01-25,91,88.65
2023-01-25,92,88.65
2023-01-25,93,64.8
2023-01-25,94,64.8
2023-01-25,95,64.8
2023-01-25,96,64.8
2023-01-26,1,70.78
2023-01-26,2,70.78
2023-01-26,3,70.78
2023-01-26,4,70.78
2023-01-26,5,60.6
2023-01-26,6,60.6
2023-01-26,7,60.6
2023-01-26,8,60.6
2023-01-26,9,59.16
2023-01-26,10,59.16
2023-01-26,11,59.16
2023-01-26,12,59.16
2023-01-26,13,59.0
2023-01-26,14,59.0
2023-01-26,15,59.0
2023-01-26,16,59.0
2023-01-26,17,55.0
2023-01-26,18,55.0
2023-01-26,19,55.0
2023-01-26,20,55.0
2023-01-26,21,59.16
2023-01-26,22,59.16
2023-01-26,23,59.16
2023-01-26,24,59.16
2023-01-26,25,59.16
2023-01-26,26,59.16
2023-01-26,27,59.16
2023-01-26,28,59.16
2023-01-26,29,69.99
2023-01-26,30,69.99
2023-01-26,31,69.99
2023-01-26,32,69.99
2023-01-26,33,94.87
2023-01-26,34,94.87
2023-01-26,35,94.87
2023-01-26,36,94.87
2023-01-26,37,83.0
2023-01-26,38,83.0
2023-01-26,39,83.0
2023-01-26,40,83.0
2023-01-26,41,66.81
2023-01-26,42,66.81
2023-01-26,43,66.81
2023-01-26,44,66.81
2023-01-26,45,59.6
2023-01-26,46,59.6
2023-01-26,47,59.6
2023-01-26,48,59.6
2023-01-26,49,59.0
2023-01-26,50,59.0
2023-01-26,51,59.0
2023-01-26,52,59.0
2023-01-26,53,56.1
2023-01-26,54,56.1
2023-01-26,55,56.1
2023-01-26,56,56.1
2023-01-26,57,53.4
2023-01-26,58,53.4
2023-01-26,59,53.4
2023-01-26,60,53.4
2023-01-26,61,53.1
2023-01-26,62,53.1
2023-01-26,63,53.1
2023-01-26,64,53.1
2023-01-26,65,59.16
2023-01-26,66,59.16
2023-01-26,67,59.16
2023-01-26,68,59.16
2023-01-26,69,73.01
2023-01-26,70,73.01
2023-01-26,71,73.01
2023-01-26,72,73.01
2023-01-26,73,77.92
2023-01-26,74,77.92
2023-01-26,75,77.92
2023-01-26,76,77.92
2023-01-26,77,99.54
2023-01-26,78,99.54
2023-01-26,79,99.54
2023-01-26,80,99.54
2023-01-26,81,99.76
2023-01-26,82,99.76
2023-01-26,83,99.76
2023-01-26,84,99.76
2023-01-26,85,80.0
2023-01-26,86,80.0
2023-01-26,87,80.0
2023-01-26,88,80.0
2023-01-26,89,59.16
2023-01-26,90,59.16
2023-01-26,91,59.16
2023-01-26,92,59.16
2023-01-26,93,50.27
2023-01-26,94,50.27
2023-01-26,95,50.27
2023-01-26,96,50.27
2023-01-27,1,48.8
2023-01-27,2,48.8
2023-01-27,3,48.8
2023-01-27,4,48.8
2023-01-27,5,48.0
2023-01-27,6,48.0
2023-01-27,7,48.0
2023-01-27,8,48.0
2023-01-27,9,35.69
2023-01-27,10,35.69
2023-01-27,11,35.69
2023-01-27,12,35.69
2023-01-27,13,33.27
2023-01-27,14,33.27
2023-01-27,15,33.27
2023-01-27,16,33.27
2023-01-27,17,30.0
2023-01-27,18,30.0
2023-01-27,19,30.0
2023-01-27,20,30.0
2023-01-27,21,35.69
2023-01-27,22,35.69
2023-01-27,23,35.69
2023-01-27,24,35.69
2023-01-27,25,45.28
2023-01-27,26,45.28
2023-01-27,27,45.28
2023-01-27,28,45.28
2023-01-27,29,49.69
2023-01-27,30,49.69
2023-01-27,31,49.69
2023-01-27,32,49.69
2023-01-27,33,68.37
2023-01-27,34,68.37
2023-01-27,35,68.37
2023-01-27,36,68.37
2023-01-27,37,57.62
2023-01-27,38,57.62
2023-01-27,39,57.62
2023-01-27,40,57.62
2023-01-27,41,47.0
2023-01-27,42,47.0
2023-01-27,43,47.0
2023-01-27,44,47.0
2023-01-27,45,30.0
2023-01-27,46,30.0
2023-01-27,47,30.0
2023-01-27,48,30.0
2023-01-27,49,21.2
2023-01-27,50,21.2
2023-01-27,51,21.2
2023-01-27,52,21.2
2023-01-27,53,20.0
2023-01-27,54,20.0
2023-01-27,55,20.0
2023-01-27,56,20.0
2023-01-27,57,15.0
2023-01-27,58,15.0
2023-01-27,59,15.0
2023-01-27,60,15.0
2023-01-27,61,18.0
2023-01-27,62,18.0
2023-01-27,63,18.0
2023-01-27,64,18.0
2023-01-27,65,26.74
2023-01-27,66,26.74
2023-01-27,67,26.74
2023-01-27,68,26.74
2023-01-27,69,48.02
2023-01-27,70,48.02
2023-01-27,71,48.02
2023-01-27,72,48.02
2023-01-27,73,52.43
2023-01-27,74,52.43
2023-01-27,75,52.43
2023-01-27,76,52.43
2023-01-27,77,78.0
2023-01-27,78,78.0
2023-01-27,79,78.0
2023-01-27,80,78.0
2023-01-27,81,82.01
2023-01-27,82,82.01
2023-01-27,83,82.01
2023-01-27,84,82.01
2023-01-27,85,78.0
2023-01-27,86,78.0
2023-01-27,87,78.0
2023-01-27,88,78.0
2023-01-27,89,74.89
2023-01-27,90,74.89
2023-01-27,91,74.89
2023-01-27,92,74.89
2023-01-27,93,52.43
2023-01-27,94,52.43
2023-01-27,95,52.43
2023-01-27,96,52.43
2023-01-28,1,40.0
2023-01-28,2,40.0
2023-01-28,3,40.0
2023-01-28,4,40.0
2023-01-28,5,36.69
2023-01-28,6,36.69
2023-01-28,7,36.69
2023-01-28,8,36.69
2023-01-28,9,36.69
2023-01-28,10,36.69
2023-01-28,11,36.69
2023-01-28,12,36.69
2023-01-28,13,36.27
2023-01-28,14,36.27
2023-01-28,15,36.27
2023-01-28,16,36.27
2023-01-28,17,35.94
2023-01-28,18,35.94
2023-01-28,19,35.94
2023-01-28,20,35.94
2023-01-28,21,35.2
2023-01-28,22,35.2
2023-01-28,23,35.2
2023-01-28,24,35.2
2023-01-28,25,36.27
2023-01-28,26,36.27
2023-01-28,27,36.27
2023-01-28,28,36.27
2023-01-28,29,37.6
2023-01-28,30,37.6
2023-01-28,31,37.6
2023-01-28,32,37.6
2023-01-28,33,42.74
2023-01-28,34,42.74
2023-01-28,35,42.74
2023-01-28,36,42.74
2023-01-28,37,39.5
2023-01-28,38,39.5
2023-01-28,39,39.5
2023-01-28,40,39.5
2023-01-28,41,34.8
2023-01-28,42,34.8
2023-01-28,43,34.8
2023-01-28,44,34.8
2023-01-28,45,29.56
2023-01-28,46,29.56
2023-01-28,47,29.56
2023-01-28,48,29.56
2023-01-28,49,24.47
2023-01-28,50,24.47
2023-01-28,51,24.47
2023-01-28,52,24.47
2023-01-28,53,20.73
2023-01-28,54,20.73
2023-01-28,55,20.73
2023-01-28,56,20.73
2023-01-28,57,18.0
2023-01-28,58,18.0
2023-01-28,59,18.0
2023-01-28,60,18.0
2023-01-28,61,15.0
2023-01-28,62,15.0
2023-01-28,63,15.0
2023-01-28,64,15.0
2023-01-28,65,22.4
2023-01-28,66,22.4
2023-01-28,67,22.4
2023-01-28,68,22.4
2023-01-28,69,35.0
2023-01-28,70,35.0
2023-01-28,71,35.0
2023-01-28,72,35.0
2023-01-28,73,63.09
2023-01-28,74,63.09
2023-01-28,75,63.09
2023-01-28,76,63.09
2023-01-28,77,70.23
2023-01-28,78,70.23
2023-01-28,79,70.23
2023-01-28,80,70.23
2023-01-28,81,74.89
2023-01-28,82,74.89
2023-01-28,83,74.89
2023-01-28,84,74.89
2023-01-28,85,74.89
2023-01-28,86,74.89
2023-01-28,87,74.89
2023-01-28,88,74.89
2023-01-28,89,70.99
2023-01-28,90,70.99
2023-01-28,91,70.99
2023-01-28,92,70.99
2023-01-28,93,63.09
2023-01-28,94,63.09
2023-01-28,95,63.09
2023-01-28,96,63.09
2023-01-29,1,52.34
2023-01-29,2,52.34
2023-01-29,3,52.34
2023-01-29,4,52.34
2023-01-29,5,40.0
2023-01-29,6,40.0
2023-01-29,7,40.0
2023-01-29,8,40.0
2023-01-29,9,38.9
2023-01-29,10,38.9
2023-01-29,11,38.9
2023-01-29,12,38.9
2023-01-29,13,38.45
2023-01-29,14,38.45
2023-01-29,15,38.45
2023-01-29,16,38.45
2023-01-29,17,38.05
2023-01-29,18,38.05
2023-01-29,19,38.05
2023-01-29,20,38.05
2023-01-29,21,38.05
2023-01-29,22,38.05
2023-01-29,23,38.05
2023-01-29,24,38.05
2023-01-29,25,38.7
2023-01-29,26,38.7
2023-01-29,27,38.7
2023-01-29,28,38.7
2023-01-29,29,39.1
2023-01-29,30,39.1
2023-01-29,31,39.1
2023-01-29,32,39.1
2023-01-29,33,39.5
2023-01-29,34,39.5
2023-01-29,35,39.5
2023-01-29,36,39.5
2023-01-29,37,39.5
2023-01-29,38,39.5
2023-01-29,39,39.5
2023-01-29,40,39.5
2023-01-29,41,38.05
2023-01-29,42,38.05
2023-01-29,43,38.05
2023-01-29,44,38.05
2023-01-29,45,36.45
2023-01-29,46,36.45
2023-01-29,47,36.45
2023-01-29,48,36.45
2023-01-29,49,37.99
2023-01-29,50,37.99
2023-01-29,51,37.99
2023-01-29,52,37.99
2023-01-29,53,39.5
2023-01-29,54,39.5
2023-01-29,55,39.5
2023-01-29,56,39.5
2023-01-29,57,40.32
2023-01-29,58,40.32
2023-01-29,59,40.32
2023-01-29,60,40.32
2023-01-29,61,39.5
2023-01-29,62,39.5
2023-01-29,63,39.5
2023-01-29,64,39.5
2023-01-29,65,43.94
2023-01-29,66,43.94
2023-01-29,67,43.94
2023-01-29,68,43.94
2023-01-29,69,90.0
2023-01-29,70,90.0
2023-01-29,71,90.0
2023-01-29,72,90.0
2023-01-29,73,122.59
2023-01-29,74,122.59
2023-01-29,75,122.59
2023-01-29,76,122.59
2023-01-29,77,178.58
2023-01-29,78,178.58
2023-01-29,79,178.58
2023-01-29,80,178.58
2023-01-29,81,172.51
2023-01-29,82,172.51
2023-01-29,83,172.51
2023-01-29,84,172.51
2023-01-29,85,162.32
2023-01-29,86,162.32
2023-01-29,87,162.32
2023-01-29,88,162.32
2023-01-29,89,130.62
2023-01-29,90,130.62
2023-01-29,91,130.62
2023-01-29,92,130.62
2023-01-29,93,106.83
2023-01-29,94,106.83
2023-01-29,95,106.83
2023-01-29,96,106.83
2023-01-30,1,117.05
2023-01-30,2,117.05
2023-01-30,3,117.05
2023-01-30,4,117.05
2023-01-30,5,119.6
2023-01-30,6,119.6
2023-01-30,7,119.6
2023-01-30,8,119.6
2023-01-30,9,118.73
2023-01-30,10,118.73
2023-01-30,11,118.73
2023-01-30,12,118.73
2023-01-30,13,110.33
2023-01-30,14,110.33
2023-01-30,15,110.33
2023-01-30,16,110.33
2023-01-30,17,90.0
2023-01-30,18,90.0
2023-01-30,19,90.0
2023-01-30,20,90.0
2023-01-30,21,118.42
2023-01-30,22,118.42
2023-01-30,23,118.42
2023-01-30,24,118.42
2023-01-30,25,119.6
2023-01-30,26,119.6
2023-01-30,27,119.6
2023-01-30,28,119.6
2023-01-30,29,145.6
2023-01-30,30,145.6
2023-01-30,31,145.6
2023-01-30,32,145.6
2023-01-30,33,176.48
2023-01-30,34,176.48
2023-01-30,35,176.48
2023-01-30,36,176.48
2023-01-30,37,154.63
2023-01-30,38,154.63
2023-01-30,39,154.63
2023-01-30,40,154.63
2023-01-30,41,127.65
2023-01-30,42,127.65
2023-01-30,43,127.65
2023-01-30,44,127.65
2023-01-30,45,125.36
2023-01-30,46,125.36
2023-01-30,47,125.36
2023-01-30,48,125.36
2023-01-30,49,123.2
2023-01-30,50,123.2
2023-01-30,51,123.2
2023-01-30,52,123.2
2023-01-30,53,121.32
2023-01-30,54,121.32
2023-01-30,55,121.32
2023-01-30,56,121.32
2023-01-30,57,119.6
2023-01-30,58,119.6
2023-01-30,59,119.6
2023-01-30,60,119.6
2023-01-30,61,118.48
2023-01-30,62,118.48
2023-01-30,63,118.48
2023-01-30,64,118.48
2023-01-30,65,121.32
2023-01-30,66,121.32
2023-01-30,67,121.32
2023-01-30,68,121.32
2023-01-30,69,129.4
2023-01-30,70,129.4
2023-01-30,71,129.4
2023-01-30,72,129.4
2023-01-30,73,167.45
2023-01-30,74,167.45
2023-01-30,75,167.45
2023-01-30,76,167.45
2023-01-30,77,220.0
2023-01-30,78,220.0
2023-01-30,79,220.0
2023-01-30,80,220.0
2023-01-30,81,187.84
2023-01-30,82,187.84
2023-01-30,83,187.84
2023-01-30,84,187.84
2023-01-30,85,172.85
2023-01-30,86,172.85
2023-01-30,87,172.85
2023-01-30,88,172.85
2023-01-30,89,130.99
2023-01-30,90,130.99
2023-01-30,91,130.99
2023-01-30,92,130.99
2023-01-30,93,113.0
2023-01-30,94,113.0
2023-01-30,95,113.0
2023-01-30,96,113.0
2023-01-31,1,125.28
2023-01-31,2,125.28
2023-01-31,3,125.28
2023-01-31,4,125.28
2023-01-31,5,108.45
2023-01-31,6,108.45
2023-01-31,7,108.45
2023-01-31,8,108.45
2023-01-31,9,99.0
2023-01-31,10,99.0
2023-01-31,11,99.0
2023-01-31,12,99.0
2023-01-31,13,108.45
2023-01-31,14,108.45
2023-01-31,15,108.45
2023-01-31,16,108.45
2023-01-31,17,110.0
2023-01-31,18,110.0
2023-01-31,19,110.0
2023-01-31,20,110.0
2023-01-31,21,110.0
2023-01-31,22,110.0
2023-01-31,23,110.0
2023-01-31,24,110.0
2023-01-31,25,110.0
2023-01-31,26,110.0
2023-01-31,27,110.0
2023-01-31,28,110.0
2023-01-31,29,139.66
2023-01-31,30,139.66
2023-01-31,31,139.66
2023-01-31,32,139.66
2023-01-31,33,167.45
2023-01-31,34,167.45
2023-01-31,35,167.45
2023-01-31,36,167.45
2023-01-31,37,140.88
2023-01-31,38,140.88
2023-01-31,39,140.88
2023-01-31,40,140.88
2023-01-31,41,115.0
2023-01-31,42,115.0
2023-01-31,43,115.0
2023-01-31,44,115.0
2023-01-31,45,105.19
2023-01-31,46,105.19
2023-01-31,47,105.19
2023-01-31,48,105.19
2023-01-31,49,110.0
2023-01-31,50,110.0
2023-01-31,51,110.0
2023-01-31,52,110.0
2023-01-31,53,109.99
2023-01-31,54,109.99
2023-01-31,55,109.99
2023-01-31,56,109.99
2023-01-31,57,108.97
2023-01-31,58,108.97
2023-01-31,59,108.97
2023-01-31,60,108.97
2023-01-31,61,108.98
2023-01-31,62,108.98
2023-01-31,63,108.98
2023-01-31,64,108.98
2023-01-31,65,108.98
2023-01-31,66,108.98
2023-01-31,67,108.98
2023-01-31,68,108.98
2023-01-31,69,125.75
2023-01-31,70,125.75
2023-01-31,71,125.75
2023-01-31,72,125.75
2023-01-31,73,147.01
2023-01-31,74,147.01
2023-01-31,75,147.01
2023-01-31,76,147.01
2023-01-31,77,187.36
2023-01-31,78,187.36
2023-01-31,79,187.36
2023-01-31,80,187.36
2023-01-31,81,176.48
2023-01-31,82,176.48
2023-01-31,83,176.48
2023-01-31,84,176.48
2023-01-31,85,164.42
2023-01-31,86,164.42
2023-01-31,87,164.42
2023-01-31,88,164.42
2023-01-31,89,137.66
2023-01-31,90,137.66
2023-01-31,91,137.66
2023-01-31,92,137.66
2023-01-31,93,124.8
2023-01-31,94,124.8
2023-01-31,95,124.8
2023-01-31,96,124.8
