day,qh,up,trades,pibcic,abs_error
2023-01-01,1,MUEL,5.0,5.0,0.0
2023-01-01,2,MUEL,5.0,5.0,0.0
2023-01-01,3,MUEL,5.0,5.0,0.0
2023-01-01,4,MUEL,5.0,5.0,0.0
2023-01-01,5,MUEL,23.725,23.725,0.0
2023-01-01,6,MUEL,23.725,23.725,0.0
2023-01-01,7,MUEL,23.725,23.725,0.0
2023-01-01,8,MUEL,23.725,23.725,0.0
2023-01-01,9,MUEL,10.0,10.0,0.0
2023-01-01,10,MUEL,10.0,10.0,0.0
2023-01-01,11,MUEL,10.0,10.0,0.0
2023-01-01,12,MUEL,10.0,10.0,0.0
2023-01-01,13,AGUB,4.75,4.75,0.0
2023-01-01,14,AGUB,4.75,4.75,0.0
2023-01-01,15,AGUB,4.75,4.75,0.0
2023-01-01,16,AGUB,4.75,4.75,0.0
2023-01-01,17,AGUB,1.25,1.25,0.0
2023-01-01,18,AGUB,1.25,1.25,0.0
2023-01-01,19,AGUB,1.25,1.25,0.0
2023-01-01,20,AGUB,1.25,1.25,0.0
2023-01-01,33,MUEL,16.25,16.25,0.0
2023-01-01,34,MUEL,16.25,16.25,0.0
2023-01-01,35,MUEL,16.25,16.25,0.0
2023-01-01,36,MUEL,16.25,16.25,0.0
2023-01-01,37,AGUB,21.0,21.0,0.0
2023-01-01,37,MUEL,1.25,1.25,0.0
2023-01-01,38,AGUB,21.0,21.0,0.0
2023-01-01,38,MUEL,1.25,1.25,0.0
2023-01-01,39,AGUB,21.0,21.0,0.0
2023-01-01,39,MUEL,1.25,1.25,0.0
2023-01-01,40,AGUB,21.0,21.0,0.0
2023-01-01,40,MUEL,1.25,1.25,0.0
2023-01-01,41,AGUB,43.025,43.025,0.0
2023-01-01,41,MUEL,1.25,1.25,0.0
2023-01-01,42,AGUB,43.025,43.025,0.0
2023-01-01,42,MUEL,1.25,1.25,0.0
2023-01-01,43,AGUB,43.025,43.025,0.0
2023-01-01,43,MUEL,1.25,1.25,0.0
2023-01-01,44,AGUB,43.025,43.025,0.0
2023-01-01,44,MUEL,1.25,1.25,0.0
2023-01-01,45,AGUB,86.0,86.0,0.0
2023-01-01,45,MUEL,16.25,16.25,0.0
2023-01-01,45,UFBB,26.0,26.0,0.0
2023-01-01,46,AGUB,86.0,86.0,0.0
2023-01-01,46,MUEL,16.25,16.25,0.0
2023-01-01,46,UFBB,26.0,26.0,0.0
2023-01-01,47,AGUB,86.0,86.0,0.0
2023-01-01,47,MUEL,16.25,16.25,0.0
2023-01-01,47,UFBB,26.0,26.0,0.0
2023-01-01,48,AGUB,86.0,86.0,0.0
2023-01-01,48,MUEL,16.25,16.25,0.0
2023-01-01,48,UFBB,26.0,26.0,0.0
2023-01-01,49,AGUB,3.45,3.45,0.0
2023-01-01,49,MUEL,3.75,3.75,0.0
2023-01-01,49,UFBB,7.35,7.35,0.0
2023-01-01,50,AGUB,3.45,3.45,0.0
2023-01-01,50,MUEL,3.75,3.75,0.0
2023-01-01,50,UFBB,7.35,7.35,0.0
2023-01-01,51,AGUB,3.45,3.45,0.0
2023-01-01,51,MUEL,3.75,3.75,0.0
2023-01-01,51,UFBB,7.35,7.35,0.0
2023-01-01,52,AGUB,3.45,3.45,0.0
2023-01-01,52,MUEL,3.75,3.75,0.0
2023-01-01,52,UFBB,7.35,7.35,0.0
2023-01-01,53,MUEL,61.6,61.6,0.0
2023-01-01,54,MUEL,61.6,61.6,0.0
2023-01-01,55,MUEL,61.6,61.6,0.0
2023-01-01,56,MUEL,61.6,61.6,0.0
2023-01-01,57,MUEL,60.35,60.35,0.0
2023-01-01,58,MUEL,60.35,60.35,0.0
2023-01-01,59,MUEL,60.35,60.35,0.0
2023-01-01,60,MUEL,60.35,60.35,0.0
2023-01-01,61,AGUB,5.425,5.425,0.0
2023-01-01,61,MUEL,62.2,62.2,0.0
2023-01-01,62,AGUB,5.425,5.425,0.0
2023-01-01,62,MUEL,62.2,62.2,0.0
2023-01-01,63,AGUB,5.425,5.425,0.0
2023-01-01,63,MUEL,62.2,62.2,0.0
2023-01-01,64,AGUB,5.425,5.425,0.0
2023-01-01,64,MUEL,62.2,62.2,0.0
2023-01-01,65,AGUB,9.25,9.25,0.0
2023-01-01,65,MUEL,55.175,55.175,0.0
2023-01-01,66,AGUB,9.25,9.25,0.0
2023-01-01,66,MUEL,55.175,55.175,0.0
2023-01-01,67,AGUB,9.25,9.25,0.0
2023-01-01,67,MUEL,55.175,55.175,0.0
2023-01-01,68,AGUB,9.25,9.25,0.0
2023-01-01,68,MUEL,55.175,55.175,0.0
2023-01-01,69,IPG,3.825,3.825,0.0
2023-01-01,69,MUEL,46.875,46.875,0.0
2023-01-01,70,IPG,3.825,3.825,0.0
2023-01-01,70,MUEL,46.875,46.875,0.0
2023-01-01,71,IPG,3.825,3.825,0.0
2023-01-01,71,MUEL,46.875,46.875,0.0
2023-01-01,72,IPG,3.825,3.825,0.0
2023-01-01,72,MUEL,46.875,46.875,0.0
2023-01-01,73,IPG,1.6500000000000001,1.65,2.220446049250313e-16
2023-01-01,73,MUEL,11.799999999999999,11.8,1.7763568394002505e-15
2023-01-01,74,IPG,1.6500000000000001,1.65,2.220446049250313e-16
2023-01-01,74,MUEL,11.799999999999999,11.8,1.7763568394002505e-15
2023-01-01,75,IPG,1.6500000000000001,1.65,2.220446049250313e-16
2023-01-01,75,MUEL,11.799999999999999,11.8,1.7763568394002505e-15
2023-01-01,76,IPG,1.6500000000000001,1.65,2.220446049250313e-16
2023-01-01,76,MUEL,11.799999999999999,11.8,1.7763568394002505e-15
2023-01-01,93,IPG,0.875,0.875,0.0
2023-01-01,93,MUEL,6.7,6.7,0.0
2023-01-01,94,IPG,0.875,0.875,0.0
2023-01-01,94,MUEL,6.7,6.7,0.0
2023-01-01,95,IPG,0.875,0.875,0.0
2023-01-01,95,MUEL,6.7,6.7,0.0
2023-01-01,96,IPG,0.875,0.875,0.0
2023-01-01,96,MUEL,6.7,6.7,0.0
2023-01-02,9,AGUB,3.0,3.0,0.0
2023-01-02,10,AGUB,3.0,3.0,0.0
2023-01-02,11,AGUB,3.0,3.0,0.0
2023-01-02,12,AGUB,3.0,3.0,0.0
2023-01-02,13,AGUB,3.0,3.0,0.0
2023-01-02,14,AGUB,3.0,3.0,0.0
2023-01-02,15,AGUB,3.0,3.0,0.0
2023-01-02,16,AGUB,3.0,3.0,0.0
2023-01-02,21,GUIB,18.75,18.75,0.0
2023-01-02,22,GUIB,18.75,18.75,0.0
2023-01-02,23,GUIB,18.75,18.75,0.0
2023-01-02,24,GUIB,18.75,18.75,0.0
2023-01-02,29,MUEL,2.5,2.5,0.0
2023-01-02,30,MUEL,2.5,2.5,0.0
2023-01-02,31,MUEL,2.5,2.5,0.0
2023-01-02,32,MUEL,2.5,2.5,0.0
2023-01-02,33,MUEL,-13.0,-13.0,0.0
2023-01-02,34,MUEL,-13.0,-13.0,0.0
2023-01-02,35,MUEL,-13.0,-13.0,0.0
2023-01-02,36,MUEL,-13.0,-13.0,0.0
2023-01-02,37,MUEL,-50.0,-50.0,0.0
2023-01-02,38,MUEL,-50.0,-50.0,0.0
2023-01-02,39,MUEL,-50.0,-50.0,0.0
2023-01-02,40,MUEL,-50.0,-50.0,0.0
2023-01-02,65,UFBG,5.125,5.125,0.0
2023-01-02,66,UFBG,5.125,5.125,0.0
2023-01-02,67,UFBG,5.125,5.125,0.0
2023-01-02,68,UFBG,5.125,5.125,0.0
2023-01-02,77,AGUG,-16.25,-16.25,0.0
2023-01-02,78,AGUG,-16.25,-16.25,0.0
2023-01-02,79,AGUG,-16.25,-16.25,0.0
2023-01-02,80,AGUG,-16.25,-16.25,0.0
2023-01-02,93,MUEL,100.0,100.0,0.0
2023-01-02,94,MUEL,100.0,100.0,0.0
2023-01-02,95,MUEL,100.0,100.0,0.0
2023-01-02,96,MUEL,100.0,100.0,0.0
2023-01-03,1,MUEB,-58.425000000000004,-58.425,7.105427357601002e-15
2023-01-03,2,MUEB,-58.425000000000004,-58.425,7.105427357601002e-15
2023-01-03,3,MUEB,-58.425000000000004,-58.425,7.105427357601002e-15
2023-01-03,4,MUEB,-58.425000000000004,-58.425,7.105427357601002e-15
2023-01-03,5,MUEB,-113.7,-113.7,0.0
2023-01-03,6,MUEB,-113.7,-113.7,0.0
2023-01-03,7,MUEB,-113.7,-113.7,0.0
2023-01-03,8,MUEB,-113.7,-113.7,0.0
2023-01-03,9,MUEB,-3.85,-3.85,0.0
2023-01-03,10,MUEB,-3.85,-3.85,0.0
2023-01-03,11,MUEB,-3.85,-3.85,0.0
2023-01-03,12,MUEB,-3.85,-3.85,0.0
2023-01-03,13,MUEB,-23.4,-23.4,0.0
2023-01-03,14,MUEB,-23.4,-23.4,0.0
2023-01-03,15,MUEB,-23.4,-23.4,0.0
2023-01-03,16,MUEB,-23.4,-23.4,0.0
2023-01-03,17,MUEB,-65.225,-65.225,0.0
2023-01-03,18,MUEB,-65.225,-65.225,0.0
2023-01-03,19,MUEB,-65.225,-65.225,0.0
2023-01-03,20,MUEB,-65.225,-65.225,0.0
2023-01-03,21,AGUB,89.0,89.0,0.0
2023-01-03,21,AGUG,32.0,32.0,0.0
2023-01-03,21,MUEB,-7.9,-7.9,0.0
2023-01-03,22,AGUB,89.0,89.0,0.0
2023-01-03,22,AGUG,32.0,32.0,0.0
2023-01-03,22,MUEB,-7.9,-7.9,0.0
2023-01-03,23,AGUB,89.0,89.0,0.0
2023-01-03,23,AGUG,32.0,32.0,0.0
2023-01-03,23,MUEB,-7.9,-7.9,0.0
2023-01-03,24,AGUB,89.0,89.0,0.0
2023-01-03,24,AGUG,32.0,32.0,0.0
2023-01-03,24,MUEB,-7.9,-7.9,0.0
2023-01-03,25,AGUB,44.475,44.475,0.0
2023-01-03,25,AGUG,23.5,23.5,0.0
2023-01-03,25,MUEB,-0.125,-0.125,0.0
2023-01-03,26,AGUB,44.475,44.475,0.0
2023-01-03,26,AGUG,23.5,23.5,0.0
2023-01-03,26,MUEB,-0.125,-0.125,0.0
2023-01-03,27,AGUB,44.475,44.475,0.0
2023-01-03,27,AGUG,23.5,23.5,0.0
2023-01-03,27,MUEB,-0.125,-0.125,0.0
2023-01-03,28,AGUB,44.475,44.475,0.0
2023-01-03,28,AGUG,23.5,23.5,0.0
2023-01-03,28,MUEB,-0.125,-0.125,0.0
2023-01-03,29,MUEL,-95.0,-95.0,0.0
2023-01-03,30,MUEL,-95.0,-95.0,0.0
2023-01-03,31,MUEL,-95.0,-95.0,0.0
2023-01-03,32,MUEL,-95.0,-95.0,0.0
2023-01-03,37,MUEL,-0.825,-0.825,0.0
2023-01-03,37,UFBG,0.07500000000000001,0.075,1.3877787807814457e-17
2023-01-03,38,MUEL,-0.825,-0.825,0.0
2023-01-03,38,UFBG,0.07500000000000001,0.075,1.3877787807814457e-17
2023-01-03,39,MUEL,-0.825,-0.825,0.0
2023-01-03,39,UFBG,0.07500000000000001,0.075,1.3877787807814457e-17
2023-01-03,40,MUEL,-0.825,-0.825,0.0
2023-01-03,40,UFBG,0.07500000000000001,0.075,1.3877787807814457e-17
2023-01-03,41,MUEL,-100.625,-100.625,0.0
2023-01-03,42,MUEL,-100.625,-100.625,0.0
2023-01-03,43,MUEL,-100.625,-100.625,0.0
2023-01-03,44,MUEL,-100.625,-100.625,0.0
2023-01-03,49,MUEB,-0.375,-0.375,0.0
2023-01-03,50,MUEB,-0.375,-0.375,0.0
2023-01-03,51,MUEB,-0.375,-0.375,0.0
2023-01-03,52,MUEB,-0.375,-0.375,0.0
2023-01-03,53,UFBB,-4.2250000000000005,-4.225,8.881784197001252e-16
2023-01-03,54,UFBB,-4.2250000000000005,-4.225,8.881784197001252e-16
2023-01-03,55,UFBB,-4.2250000000000005,-4.225,8.881784197001252e-16
2023-01-03,56,UFBB,-4.2250000000000005,-4.225,8.881784197001252e-16
2023-01-03,57,AGUG,2.0,2.0,0.0
2023-01-03,58,AGUG,2.0,2.0,0.0
2023-01-03,59,AGUG,2.0,2.0,0.0
2023-01-03,60,AGUG,2.0,2.0,0.0
2023-01-03,61,UFBB,-13.0,-13.0,0.0
2023-01-03,62,UFBB,-13.0,-13.0,0.0
2023-01-03,63,UFBB,-13.0,-13.0,0.0
2023-01-03,64,UFBB,-13.0,-13.0,0.0
2023-01-03,65,UFBB,-1.875,-1.875,0.0
2023-01-03,66,UFBB,-1.875,-1.875,0.0
2023-01-03,67,UFBB,-1.875,-1.875,0.0
2023-01-03,68,UFBB,-1.875,-1.875,0.0
2023-01-03,69,MUEL,-29.675,-29.675,0.0
2023-01-03,70,MUEL,-29.675,-29.675,0.0
2023-01-03,71,MUEL,-29.675,-29.675,0.0
2023-01-03,72,MUEL,-29.675,-29.675,0.0
2023-01-03,73,UFBG,9.775,9.775,0.0
2023-01-03,74,UFBG,9.775,9.775,0.0
2023-01-03,75,UFBG,9.775,9.775,0.0
2023-01-03,76,UFBG,9.775,9.775,0.0
2023-01-03,77,UFBG,26.6,26.6,0.0
2023-01-03,78,UFBG,26.6,26.6,0.0
2023-01-03,79,UFBG,26.6,26.6,0.0
2023-01-03,80,UFBG,26.6,26.6,0.0
2023-01-03,81,MUEL,199.45,199.45,0.0
2023-01-03,82,MUEL,199.45,199.45,0.0
2023-01-03,83,MUEL,199.45,199.45,0.0
2023-01-03,84,MUEL,199.45,199.45,0.0
2023-01-03,85,MUEL,299.25,299.25,0.0
2023-01-03,86,MUEL,299.25,299.25,0.0
2023-01-03,87,MUEL,299.25,299.25,0.0
2023-01-03,88,MUEL,299.25,299.25,0.0
2023-01-03,89,AGUG,40.0,40.0,0.0
2023-01-03,89,MUEL,14.55,14.55,0.0
2023-01-03,90,AGUG,40.0,40.0,0.0
2023-01-03,90,MUEL,14.55,14.55,0.0
2023-01-03,91,AGUG,40.0,40.0,0.0
2023-01-03,91,MUEL,14.55,14.55,0.0
2023-01-03,92,AGUG,40.0,40.0,0.0
2023-01-03,92,MUEL,14.55,14.55,0.0
2023-01-03,93,MUEB,5.55,5.55,0.0
2023-01-03,94,MUEB,5.55,5.55,0.0
2023-01-03,95,MUEB,5.55,5.55,0.0
2023-01-03,96,MUEB,5.55,5.55,0.0
2023-01-04,1,MUEB,-2.45,-2.45,0.0
2023-01-04,2,MUEB,-2.45,-2.45,0.0
2023-01-04,3,MUEB,-2.45,-2.45,0.0
2023-01-04,4,MUEB,-2.45,-2.45,0.0
2023-01-04,5,MUEB,11.8,11.8,0.0
2023-01-04,6,MUEB,11.8,11.8,0.0
2023-01-04,7,MUEB,11.8,11.8,0.0
2023-01-04,8,MUEB,11.8,11.8,0.0
2023-01-04,13,MUEB,0.725,0.725,0.0
2023-01-04,14,MUEB,0.725,0.725,0.0
2023-01-04,15,MUEB,0.725,0.725,0.0
2023-01-04,16,MUEB,0.725,0.725,0.0
2023-01-04,17,UFBB,-0.225,-0.225,0.0
2023-01-04,18,UFBB,-0.225,-0.225,0.0
2023-01-04,19,UFBB,-0.225,-0.225,0.0
2023-01-04,20,UFBB,-0.225,-0.225,0.0
2023-01-04,25,AGUB,3.375,3.375,0.0
2023-01-04,25,AGUG,12.5,12.5,0.0
2023-01-04,25,SLTB,25.0,25.0,0.0
2023-01-04,26,AGUB,3.375,3.375,0.0
2023-01-04,26,AGUG,12.5,12.5,0.0
2023-01-04,26,SLTB,25.0,25.0,0.0
2023-01-04,27,AGUB,3.375,3.375,0.0
2023-01-04,27,AGUG,12.5,12.5,0.0
2023-01-04,27,SLTB,25.0,25.0,0.0
2023-01-04,28,AGUB,3.375,3.375,0.0
2023-01-04,28,AGUG,12.5,12.5,0.0
2023-01-04,28,SLTB,25.0,25.0,0.0
2023-01-04,29,UFBB,-13.0,-13.0,0.0
2023-01-04,30,UFBB,-13.0,-13.0,0.0
2023-01-04,31,UFBB,-13.0,-13.0,0.0
2023-01-04,32,UFBB,-13.0,-13.0,0.0
2023-01-04,33,MUEL,-12.424999999999999,-12.425,1.7763568394002505e-15
2023-01-04,34,MUEL,-12.424999999999999,-12.425,1.7763568394002505e-15
2023-01-04,35,MUEL,-12.424999999999999,-12.425,1.7763568394002505e-15
2023-01-04,36,MUEL,-12.424999999999999,-12.425,1.7763568394002505e-15
2023-01-04,41,MUEL,28.125,28.125,0.0
2023-01-04,42,MUEL,28.125,28.125,0.0
2023-01-04,43,MUEL,28.125,28.125,0.0
2023-01-04,44,MUEL,28.125,28.125,0.0
2023-01-04,53,MUEB,-32.9,-32.9,0.0
2023-01-04,54,MUEB,-32.9,-32.9,0.0
2023-01-04,55,MUEB,-32.9,-32.9,0.0
2023-01-04,56,MUEB,-32.9,-32.9,0.0
2023-01-04,61,UFBB,-10.425,-10.425,0.0
2023-01-04,62,UFBB,-10.425,-10.425,0.0
2023-01-04,63,UFBB,-10.425,-10.425,0.0
2023-01-04,64,UFBB,-10.425,-10.425,0.0
2023-01-04,81,UFBG,6.625,6.625,0.0
2023-01-04,82,UFBG,6.625,6.625,0.0
2023-01-04,83,UFBG,6.625,6.625,0.0
2023-01-04,84,UFBG,6.625,6.625,0.0
2023-01-05,9,AGUB,-44.0,-44.0,0.0
2023-01-05,9,IPB,-16.5,-16.5,0.0
2023-01-05,10,AGUB,-44.0,-44.0,0.0
2023-01-05,10,IPB,-16.5,-16.5,0.0
2023-01-05,11,AGUB,-44.0,-44.0,0.0
2023-01-05,11,IPB,-16.5,-16.5,0.0
2023-01-05,12,AGUB,-44.0,-44.0,0.0
2023-01-05,12,IPB,-16.5,-16.5,0.0
2023-01-05,13,AGUB,-6.5,-6.5,0.0
2023-01-05,13,IPB,-16.5,-16.5,0.0
2023-01-05,13,UFBB,-1.775,-1.775,0.0
2023-01-05,14,AGUB,-6.5,-6.5,0.0
2023-01-05,14,IPB,-16.5,-16.5,0.0
2023-01-05,14,UFBB,-1.775,-1.775,0.0
2023-01-05,15,AGUB,-6.5,-6.5,0.0
2023-01-05,15,IPB,-16.5,-16.5,0.0
2023-01-05,15,UFBB,-1.775,-1.775,0.0
2023-01-05,16,AGUB,-6.5,-6.5,0.0
2023-01-05,16,IPB,-16.5,-16.5,0.0
2023-01-05,16,UFBB,-1.775,-1.775,0.0
2023-01-05,17,SLTB,-2.95,-2.95,0.0
2023-01-05,18,SLTB,-2.95,-2.95,0.0
2023-01-05,19,SLTB,-2.95,-2.95,0.0
2023-01-05,20,SLTB,-2.95,-2.95,0.0
2023-01-05,21,AGUB,-16.225,-16.225,0.0
2023-01-05,21,SLTB,-23.825,-23.825,0.0
2023-01-05,22,AGUB,-16.225,-16.225,0.0
2023-01-05,22,SLTB,-23.825,-23.825,0.0
2023-01-05,23,AGUB,-16.225,-16.225,0.0
2023-01-05,23,SLTB,-23.825,-23.825,0.0
2023-01-05,24,AGUB,-16.225,-16.225,0.0
2023-01-05,24,SLTB,-23.825,-23.825,0.0
2023-01-05,25,SLTB,2.25,2.25,0.0
2023-01-05,26,SLTB,2.25,2.25,0.0
2023-01-05,27,SLTB,2.25,2.25,0.0
2023-01-05,28,SLTB,2.25,2.25,0.0
2023-01-05,33,AGUG,-20.0,-20.0,0.0
2023-01-05,34,AGUG,-20.0,-20.0,0.0
2023-01-05,35,AGUG,-20.0,-20.0,0.0
2023-01-05,36,AGUG,-20.0,-20.0,0.0
2023-01-05,37,AGUG,-0.775,-0.775,0.0
2023-01-05,38,AGUG,-0.775,-0.775,0.0
2023-01-05,39,AGUG,-0.775,-0.775,0.0
2023-01-05,40,AGUG,-0.775,-0.775,0.0
2023-01-05,41,MUEL,-0.15,-0.15,0.0
2023-01-05,42,MUEL,-0.15,-0.15,0.0
2023-01-05,43,MUEL,-0.15,-0.15,0.0
2023-01-05,44,MUEL,-0.15,-0.15,0.0
2023-01-05,45,MUEL,-0.025,-0.025,0.0
2023-01-05,46,MUEL,-0.025,-0.025,0.0
2023-01-05,47,MUEL,-0.025,-0.025,0.0
2023-01-05,48,MUEL,-0.025,-0.025,0.0
2023-01-05,49,MUEL,-39.625,-39.625,0.0
2023-01-05,50,MUEL,-39.625,-39.625,0.0
2023-01-05,51,MUEL,-39.625,-39.625,0.0
2023-01-05,52,MUEL,-39.625,-39.625,0.0
2023-01-05,53,MUEL,-28.95,-28.95,0.0
2023-01-05,54,MUEL,-28.95,-28.95,0.0
2023-01-05,55,MUEL,-28.95,-28.95,0.0
2023-01-05,56,MUEL,-28.95,-28.95,0.0
2023-01-05,57,MUEL,-24.3,-24.3,0.0
2023-01-05,58,MUEL,-24.3,-24.3,0.0
2023-01-05,59,MUEL,-24.3,-24.3,0.0
2023-01-05,60,MUEL,-24.3,-24.3,0.0
2023-01-05,61,MUEL,-39.574999999999996,-39.574999999999996,0.0
2023-01-05,62,MUEL,-39.574999999999996,-39.574999999999996,0.0
2023-01-05,63,MUEL,-39.574999999999996,-39.574999999999996,0.0
2023-01-05,64,MUEL,-39.574999999999996,-39.574999999999996,0.0
2023-01-05,65,MUEL,-0.15,-0.15,0.0
2023-01-05,66,MUEL,-0.15,-0.15,0.0
2023-01-05,67,MUEL,-0.15,-0.15,0.0
2023-01-05,68,MUEL,-0.15,-0.15,0.0
2023-01-05,69,MLTG,16.25,16.25,0.0
2023-01-05,69,UFBG,11.25,11.25,0.0
2023-01-05,70,MLTG,16.25,16.25,0.0
2023-01-05,70,UFBG,11.25,11.25,0.0
2023-01-05,71,MLTG,16.25,16.25,0.0
2023-01-05,71,UFBG,11.25,11.25,0.0
2023-01-05,72,MLTG,16.25,16.25,0.0
2023-01-05,72,UFBG,11.25,11.25,0.0
2023-01-05,73,MUEL,-11.25,-11.25,0.0
2023-01-05,73,UFBG,11.25,11.25,0.0
2023-01-05,74,MUEL,-11.25,-11.25,0.0
2023-01-05,74,UFBG,11.25,11.25,0.0
2023-01-05,75,MUEL,-11.25,-11.25,0.0
2023-01-05,75,UFBG,11.25,11.25,0.0
2023-01-05,76,MUEL,-11.25,-11.25,0.0
2023-01-05,76,UFBG,11.25,11.25,0.0
2023-01-05,77,MUEL,-50.0,-50.0,0.0
2023-01-05,78,MUEL,-50.0,-50.0,0.0
2023-01-05,79,MUEL,-50.0,-50.0,0.0
2023-01-05,80,MUEL,-50.0,-50.0,0.0
2023-01-05,81,AGUG,-5.0,-5.0,0.0
2023-01-05,81,MUEL,-50.0,-50.0,0.0
2023-01-05,82,AGUG,-5.0,-5.0,0.0
2023-01-05,82,MUEL,-50.0,-50.0,0.0
2023-01-05,83,AGUG,-5.0,-5.0,0.0
2023-01-05,83,MUEL,-50.0,-50.0,0.0
2023-01-05,84,AGUG,-5.0,-5.0,0.0
2023-01-05,84,MUEL,-50.0,-50.0,0.0
2023-01-06,5,SLTG,-12.5,-12.5,0.0
2023-01-06,6,SLTG,-12.5,-12.5,0.0
2023-01-06,7,SLTG,-12.5,-12.5,0.0
2023-01-06,8,SLTG,-12.5,-12.5,0.0
2023-01-06,9,MUEB,-59.825,-59.825,0.0
2023-01-06,9,SLTG,-12.5,-12.5,0.0
2023-01-06,10,MUEB,-59.825,-59.825,0.0
2023-01-06,10,SLTG,-12.5,-12.5,0.0
2023-01-06,11,MUEB,-59.825,-59.825,0.0
2023-01-06,11,SLTG,-12.5,-12.5,0.0
2023-01-06,12,MUEB,-59.825,-59.825,0.0
2023-01-06,12,SLTG,-12.5,-12.5,0.0
2023-01-06,13,MUEB,-2.6,-2.6,0.0
2023-01-06,13,TJEB,-26.25,-26.25,0.0
2023-01-06,14,MUEB,-2.6,-2.6,0.0
2023-01-06,14,TJEB,-26.25,-26.25,0.0
2023-01-06,15,MUEB,-2.6,-2.6,0.0
2023-01-06,15,TJEB,-26.25,-26.25,0.0
2023-01-06,16,MUEB,-2.6,-2.6,0.0
2023-01-06,16,TJEB,-26.25,-26.25,0.0
2023-01-06,25,MUEB,-28.825,-28.825,0.0
2023-01-06,26,MUEB,-28.825,-28.825,0.0
2023-01-06,27,MUEB,-28.825,-28.825,0.0
2023-01-06,28,MUEB,-28.825,-28.825,0.0
2023-01-06,65,MUEB,-1.75,-1.75,0.0
2023-01-06,66,MUEB,-1.75,-1.75,0.0
2023-01-06,67,MUEB,-1.75,-1.75,0.0
2023-01-06,68,MUEB,-1.75,-1.75,0.0
2023-01-06,93,AGUG,-11.0,-11.0,0.0
2023-01-06,94,AGUG,-11.0,-11.0,0.0
2023-01-06,95,AGUG,-11.0,-11.0,0.0
2023-01-06,96,AGUG,-11.0,-11.0,0.0
2023-01-07,9,UFBB,-0.975,-0.975,0.0
2023-01-07,10,UFBB,-0.975,-0.975,0.0
2023-01-07,11,UFBB,-0.975,-0.975,0.0
2023-01-07,12,UFBB,-0.975,-0.975,0.0
2023-01-07,13,AGUB,-16.375,-16.375,0.0
2023-01-07,14,AGUB,-16.375,-16.375,0.0
2023-01-07,15,AGUB,-16.375,-16.375,0.0
2023-01-07,16,AGUB,-16.375,-16.375,0.0
2023-01-07,17,AGUB,1.9,1.9,0.0
2023-01-07,18,AGUB,1.9,1.9,0.0
2023-01-07,19,AGUB,1.9,1.9,0.0
2023-01-07,20,AGUB,1.9,1.9,0.0
2023-01-07,25,UFBB,-13.0,-13.0,0.0
2023-01-07,26,UFBB,-13.0,-13.0,0.0
2023-01-07,27,UFBB,-13.0,-13.0,0.0
2023-01-07,28,UFBB,-13.0,-13.0,0.0
2023-01-07,33,AGUB,-22.25,-22.25,0.0
2023-01-07,33,UFBB,0.45,0.45,0.0
2023-01-07,34,AGUB,-22.25,-22.25,0.0
2023-01-07,34,UFBB,0.45,0.45,0.0
2023-01-07,35,AGUB,-22.25,-22.25,0.0
2023-01-07,35,UFBB,0.45,0.45,0.0
2023-01-07,36,AGUB,-22.25,-22.25,0.0
2023-01-07,36,UFBB,0.45,0.45,0.0
2023-01-07,37,AGUB,-0.55,-0.55,0.0
2023-01-07,37,MUEB,12.675,12.675,0.0
2023-01-07,38,AGUB,-0.55,-0.55,0.0
2023-01-07,38,MUEB,12.675,12.675,0.0
2023-01-07,39,AGUB,-0.55,-0.55,0.0
2023-01-07,39,MUEB,12.675,12.675,0.0
2023-01-07,40,AGUB,-0.55,-0.55,0.0
2023-01-07,40,MUEB,12.675,12.675,0.0
2023-01-07,41,MUEB,15.225,15.225,0.0
2023-01-07,42,MUEB,15.225,15.225,0.0
2023-01-07,43,MUEB,15.225,15.225,0.0
2023-01-07,44,MUEB,15.225,15.225,0.0
2023-01-07,45,AGUB,-22.25,-22.25,0.0
2023-01-07,46,AGUB,-22.25,-22.25,0.0
2023-01-07,47,AGUB,-22.25,-22.25,0.0
2023-01-07,48,AGUB,-22.25,-22.25,0.0
2023-01-07,49,MUEB,0.275,0.275,0.0
2023-01-07,50,MUEB,0.275,0.275,0.0
2023-01-07,51,MUEB,0.275,0.275,0.0
2023-01-07,52,MUEB,0.275,0.275,0.0
2023-01-07,53,UFBB,6.1,6.1,0.0
2023-01-07,54,UFBB,6.1,6.1,0.0
2023-01-07,55,UFBB,6.1,6.1,0.0
2023-01-07,56,UFBB,6.1,6.1,0.0
2023-01-07,57,UFBB,10.975,10.975,0.0
2023-01-07,58,UFBB,10.975,10.975,0.0
2023-01-07,59,UFBB,10.975,10.975,0.0
2023-01-07,60,UFBB,10.975,10.975,0.0
2023-01-07,93,MUEB,190.025,190.025,0.0
2023-01-07,94,MUEB,190.025,190.025,0.0
2023-01-07,95,MUEB,190.025,190.025,0.0
2023-01-07,96,MUEB,190.025,190.025,0.0
2023-01-08,33,TJEB,21.525,21.525,0.0
2023-01-08,34,TJEB,21.525,21.525,0.0
2023-01-08,35,TJEB,21.525,21.525,0.0
2023-01-08,36,TJEB,21.525,21.525,0.0
2023-01-08,45,UFBB,-11.65,-11.65,0.0
2023-01-08,46,UFBB,-11.65,-11.65,0.0
2023-01-08,47,UFBB,-11.65,-11.65,0.0
2023-01-08,48,UFBB,-11.65,-11.65,0.0
2023-01-08,57,UFBB,-13.0,-13.0,0.0
2023-01-08,58,UFBB,-13.0,-13.0,0.0
2023-01-08,59,UFBB,-13.0,-13.0,0.0
2023-01-08,60,UFBB,-13.0,-13.0,0.0
2023-01-08,61,UFBB,-11.3,-11.3,0.0
2023-01-08,62,UFBB,-11.3,-11.3,0.0
2023-01-08,63,UFBB,-11.3,-11.3,0.0
2023-01-08,64,UFBB,-11.3,-11.3,0.0
2023-01-08,65,MUEB,-5.5,-5.5,0.0
2023-01-08,65,UFBB,-0.375,-0.375,0.0
2023-01-08,66,MUEB,-5.5,-5.5,0.0
2023-01-08,66,UFBB,-0.375,-0.375,0.0
2023-01-08,67,MUEB,-5.5,-5.5,0.0
2023-01-08,67,UFBB,-0.375,-0.375,0.0
2023-01-08,68,MUEB,-5.5,-5.5,0.0
2023-01-08,68,UFBB,-0.375,-0.375,0.0
2023-01-08,69,MUEL,-8.675,-8.675,0.0
2023-01-08,69,UFBB,-13.0,-13.0,0.0
2023-01-08,70,MUEL,-8.675,-8.675,0.0
2023-01-08,70,UFBB,-13.0,-13.0,0.0
2023-01-08,71,MUEL,-8.675,-8.675,0.0
2023-01-08,71,UFBB,-13.0,-13.0,0.0
2023-01-08,72,MUEL,-8.675,-8.675,0.0
2023-01-08,72,UFBB,-13.0,-13.0,0.0
2023-01-08,73,MUEL,-5.5,-5.5,0.0
2023-01-08,73,UFBB,-13.0,-13.0,0.0
2023-01-08,74,MUEL,-5.5,-5.5,0.0
2023-01-08,74,UFBB,-13.0,-13.0,0.0
2023-01-08,75,MUEL,-5.5,-5.5,0.0
2023-01-08,75,UFBB,-13.0,-13.0,0.0
2023-01-08,76,MUEL,-5.5,-5.5,0.0
2023-01-08,76,UFBB,-13.0,-13.0,0.0
2023-01-08,77,MUEL,-37.075,-37.075,0.0
2023-01-08,77,UFBB,-39.0,-39.0,0.0
2023-01-08,78,MUEL,-37.075,-37.075,0.0
2023-01-08,78,UFBB,-39.0,-39.0,0.0
2023-01-08,79,MUEL,-37.075,-37.075,0.0
2023-01-08,79,UFBB,-39.0,-39.0,0.0
2023-01-08,80,MUEL,-37.075,-37.075,0.0
2023-01-08,80,UFBB,-39.0,-39.0,0.0
2023-01-08,81,UFBB,-0.3,-0.3,0.0
2023-01-08,82,UFBB,-0.3,-0.3,0.0
2023-01-08,83,UFBB,-0.3,-0.3,0.0
2023-01-08,84,UFBB,-0.3,-0.3,0.0
2023-01-08,85,UFBB,-3.5,-3.5,0.0
2023-01-08,86,UFBB,-3.5,-3.5,0.0
2023-01-08,87,UFBB,-3.5,-3.5,0.0
2023-01-08,88,UFBB,-3.5,-3.5,0.0
2023-01-09,5,UFBB,2.4499999999999997,2.45,4.440892098500626e-16
2023-01-09,6,UFBB,2.4499999999999997,2.45,4.440892098500626e-16
2023-01-09,7,UFBB,2.4499999999999997,2.45,4.440892098500626e-16
2023-01-09,8,UFBB,2.4499999999999997,2.45,4.440892098500626e-16
2023-01-09,9,UFBB,4.4750000000000005,4.475,8.881784197001252e-16
2023-01-09,10,UFBB,4.4750000000000005,4.475,8.881784197001252e-16
2023-01-09,11,UFBB,4.4750000000000005,4.475,8.881784197001252e-16
2023-01-09,12,UFBB,4.4750000000000005,4.475,8.881784197001252e-16
2023-01-09,13,UFBB,7.45,7.45,0.0
2023-01-09,14,UFBB,7.45,7.45,0.0
2023-01-09,15,UFBB,7.45,7.45,0.0
2023-01-09,16,UFBB,7.45,7.45,0.0
2023-01-09,17,UFBB,8.875,8.875,0.0
2023-01-09,18,UFBB,8.875,8.875,0.0
2023-01-09,19,UFBB,8.875,8.875,0.0
2023-01-09,20,UFBB,8.875,8.875,0.0
2023-01-09,21,UFBB,6.55,6.55,0.0
2023-01-09,22,UFBB,6.55,6.55,0.0
2023-01-09,23,UFBB,6.55,6.55,0.0
2023-01-09,24,UFBB,6.55,6.55,0.0
2023-01-09,25,AGUB,6.0,6.0,0.0
2023-01-09,26,AGUB,6.0,6.0,0.0
2023-01-09,27,AGUB,6.0,6.0,0.0
2023-01-09,28,AGUB,6.0,6.0,0.0
2023-01-09,45,UFBG,22.5,22.5,0.0
2023-01-09,46,UFBG,22.5,22.5,0.0
2023-01-09,47,UFBG,22.5,22.5,0.0
2023-01-09,48,UFBG,22.5,22.5,0.0
2023-01-09,57,UFBB,-39.0,-39.0,0.0
2023-01-09,58,UFBB,-39.0,-39.0,0.0
2023-01-09,59,UFBB,-39.0,-39.0,0.0
2023-01-09,60,UFBB,-39.0,-39.0,0.0
2023-01-09,61,UFBB,-39.0,-39.0,0.0
2023-01-09,62,UFBB,-39.0,-39.0,0.0
2023-01-09,63,UFBB,-39.0,-39.0,0.0
2023-01-09,64,UFBB,-39.0,-39.0,0.0
2023-01-09,69,MUEL,-7.75,-7.75,0.0
2023-01-09,69,UFBG,8.25,8.25,0.0
2023-01-09,70,MUEL,-7.75,-7.75,0.0
2023-01-09,70,UFBG,8.25,8.25,0.0
2023-01-09,71,MUEL,-7.75,-7.75,0.0
2023-01-09,71,UFBG,8.25,8.25,0.0
2023-01-09,72,MUEL,-7.75,-7.75,0.0
2023-01-09,72,UFBG,8.25,8.25,0.0
2023-01-09,81,AGUG,2.5,2.5,0.0
2023-01-09,82,AGUG,2.5,2.5,0.0
2023-01-09,83,AGUG,2.5,2.5,0.0
2023-01-09,84,AGUG,2.5,2.5,0.0
2023-01-09,85,AGUG,10.0,10.0,0.0
2023-01-09,86,AGUG,10.0,10.0,0.0
2023-01-09,87,AGUG,10.0,10.0,0.0
2023-01-09,88,AGUG,10.0,10.0,0.0
2023-01-09,89,AGUG,18.5,18.5,0.0
2023-01-09,89,MUEL,35.975,35.975,0.0
2023-01-09,90,AGUG,18.5,18.5,0.0
2023-01-09,90,MUEL,35.975,35.975,0.0
2023-01-09,91,AGUG,18.5,18.5,0.0
2023-01-09,91,MUEL,35.975,35.975,0.0
2023-01-09,92,AGUG,18.5,18.5,0.0
2023-01-09,92,MUEL,35.975,35.975,0.0
2023-01-09,93,MUEL,-43.0,-43.0,0.0
2023-01-09,94,MUEL,-43.0,-43.0,0.0
2023-01-09,95,MUEL,-43.0,-43.0,0.0
2023-01-09,96,MUEL,-43.0,-43.0,0.0
2023-01-10,1,AGUB,0.125,0.125,0.0
2023-01-10,1,UFBG,11.25,11.25,0.0
2023-01-10,2,AGUB,0.125,0.125,0.0
2023-01-10,2,UFBG,11.25,11.25,0.0
2023-01-10,3,AGUB,0.125,0.125,0.0
2023-01-10,3,UFBG,11.25,11.25,0.0
2023-01-10,4,AGUB,0.125,0.125,0.0
2023-01-10,4,UFBG,11.25,11.25,0.0
2023-01-10,9,AGUB,0.9,0.9,0.0
2023-01-10,9,UFBB,-6.95,-6.95,0.0
2023-01-10,10,AGUB,0.9,0.9,0.0
2023-01-10,10,UFBB,-6.95,-6.95,0.0
2023-01-10,11,AGUB,0.9,0.9,0.0
2023-01-10,11,UFBB,-6.95,-6.95,0.0
2023-01-10,12,AGUB,0.9,0.9,0.0
2023-01-10,12,UFBB,-6.95,-6.95,0.0
2023-01-10,13,AGUB,0.9,0.9,0.0
2023-01-10,13,IPB,16.5,16.5,0.0
2023-01-10,14,AGUB,0.9,0.9,0.0
2023-01-10,14,IPB,16.5,16.5,0.0
2023-01-10,15,AGUB,0.9,0.9,0.0
2023-01-10,15,IPB,16.5,16.5,0.0
2023-01-10,16,AGUB,0.9,0.9,0.0
2023-01-10,16,IPB,16.5,16.5,0.0
2023-01-10,21,AGUB,4.05,4.05,0.0
2023-01-10,22,AGUB,4.05,4.05,0.0
2023-01-10,23,AGUB,4.05,4.05,0.0
2023-01-10,24,AGUB,4.05,4.05,0.0
2023-01-10,29,MUEB,-2.175,-2.175,0.0
2023-01-10,30,MUEB,-2.175,-2.175,0.0
2023-01-10,31,MUEB,-2.175,-2.175,0.0
2023-01-10,32,MUEB,-2.175,-2.175,0.0
2023-01-10,53,AGUB,-9.95,-9.95,0.0
2023-01-10,54,AGUB,-9.95,-9.95,0.0
2023-01-10,55,AGUB,-9.95,-9.95,0.0
2023-01-10,56,AGUB,-9.95,-9.95,0.0
2023-01-10,57,AGUB,-8.275,-8.275,0.0
2023-01-10,58,AGUB,-8.275,-8.275,0.0
2023-01-10,59,AGUB,-8.275,-8.275,0.0
2023-01-10,60,AGUB,-8.275,-8.275,0.0
2023-01-10,61,MUEB,0.3,0.3,0.0
2023-01-10,62,MUEB,0.3,0.3,0.0
2023-01-10,63,MUEB,0.3,0.3,0.0
2023-01-10,64,MUEB,0.3,0.3,0.0
2023-01-10,65,AGUB,-21.75,-21.75,0.0
2023-01-10,65,MUEL,24.5,24.5,0.0
2023-01-10,65,UFBB,-30.55,-30.55,0.0
2023-01-10,66,AGUB,-21.75,-21.75,0.0
2023-01-10,66,MUEL,24.5,24.5,0.0
2023-01-10,66,UFBB,-30.55,-30.55,0.0
2023-01-10,67,AGUB,-21.75,-21.75,0.0
2023-01-10,67,MUEL,24.5,24.5,0.0
2023-01-10,67,UFBB,-30.55,-30.55,0.0
2023-01-10,68,AGUB,-21.75,-21.75,0.0
2023-01-10,68,MUEL,24.5,24.5,0.0
2023-01-10,68,UFBB,-30.55,-30.55,0.0
2023-01-10,69,MUEL,8.075,8.075,0.0
2023-01-10,69,TJEG,8.675,8.675,0.0
2023-01-10,69,UFBB,-9.8,-9.8,0.0
2023-01-10,70,MUEL,8.075,8.075,0.0
2023-01-10,70,TJEG,8.675,8.675,0.0
2023-01-10,70,UFBB,-9.8,-9.8,0.0
2023-01-10,71,MUEL,8.075,8.075,0.0
2023-01-10,71,TJEG,8.675,8.675,0.0
2023-01-10,71,UFBB,-9.8,-9.8,0.0
2023-01-10,72,MUEL,8.075,8.075,0.0
2023-01-10,72,TJEG,8.675,8.675,0.0
2023-01-10,72,UFBB,-9.8,-9.8,0.0
2023-01-10,73,MUEL,1.15,1.15,0.0
2023-01-10,73,TJEG,42.5,42.5,0.0
2023-01-10,73,UFBG,-4.675,-4.675,0.0
2023-01-10,74,MUEL,1.15,1.15,0.0
2023-01-10,74,TJEG,42.5,42.5,0.0
2023-01-10,74,UFBG,-4.675,-4.675,0.0
2023-01-10,75,MUEL,1.15,1.15,0.0
2023-01-10,75,TJEG,42.5,42.5,0.0
2023-01-10,75,UFBG,-4.675,-4.675,0.0
2023-01-10,76,MUEL,1.15,1.15,0.0
2023-01-10,76,TJEG,42.5,42.5,0.0
2023-01-10,76,UFBG,-4.675,-4.675,0.0
2023-01-10,77,MUEL,50.0,50.0,0.0
2023-01-10,77,SLTG,25.0,25.0,0.0
2023-01-10,77,TJEG,35.0,35.0,0.0
2023-01-10,78,MUEL,50.0,50.0,0.0
2023-01-10,78,SLTG,25.0,25.0,0.0
2023-01-10,78,TJEG,35.0,35.0,0.0
2023-01-10,79,MUEL,50.0,50.0,0.0
2023-01-10,79,SLTG,25.0,25.0,0.0
2023-01-10,79,TJEG,35.0,35.0,0.0
2023-01-10,80,MUEL,50.0,50.0,0.0
2023-01-10,80,SLTG,25.0,25.0,0.0
2023-01-10,80,TJEG,35.0,35.0,0.0
2023-01-10,81,MUEL,225.0,225.0,0.0
2023-01-10,81,SLTG,25.0,25.0,0.0
2023-01-10,81,TJEG,35.0,35.0,0.0
2023-01-10,82,MUEL,225.0,225.0,0.0
2023-01-10,82,SLTG,25.0,25.0,0.0
2023-01-10,82,TJEG,35.0,35.0,0.0
2023-01-10,83,MUEL,225.0,225.0,0.0
2023-01-10,83,SLTG,25.0,25.0,0.0
2023-01-10,83,TJEG,35.0,35.0,0.0
2023-01-10,84,MUEL,225.0,225.0,0.0
2023-01-10,84,SLTG,25.0,25.0,0.0
2023-01-10,84,TJEG,35.0,35.0,0.0
2023-01-10,85,MUEL,268.65,268.65,0.0
2023-01-10,85,SLTG,25.0,25.0,0.0
2023-01-10,85,TJEG,35.0,35.0,0.0
2023-01-10,86,MUEL,268.65,268.65,0.0
2023-01-10,86,SLTG,25.0,25.0,0.0
2023-01-10,86,TJEG,35.0,35.0,0.0
2023-01-10,87,MUEL,268.65,268.65,0.0
2023-01-10,87,SLTG,25.0,25.0,0.0
2023-01-10,87,TJEG,35.0,35.0,0.0
2023-01-10,88,MUEL,268.65,268.65,0.0
2023-01-10,88,SLTG,25.0,25.0,0.0
2023-01-10,88,TJEG,35.0,35.0,0.0
2023-01-10,89,MUEB,2.375,2.375,0.0
2023-01-10,89,MUEL,84.7,84.7,0.0
2023-01-10,90,MUEB,2.375,2.375,0.0
2023-01-10,90,MUEL,84.7,84.7,0.0
2023-01-10,91,MUEB,2.375,2.375,0.0
2023-01-10,91,MUEL,84.7,84.7,0.0
2023-01-10,92,MUEB,2.375,2.375,0.0
2023-01-10,92,MUEL,84.7,84.7,0.0
2023-01-10,93,MUEB,20.0,20.0,0.0
2023-01-10,94,MUEB,20.0,20.0,0.0
2023-01-10,95,MUEB,20.0,20.0,0.0
2023-01-10,96,MUEB,20.0,20.0,0.0
2023-01-11,29,IPG,-12.0,-12.0,0.0
2023-01-11,29,MUEL,57.875,57.875,0.0
2023-01-11,30,IPG,-12.0,-12.0,0.0
2023-01-11,30,MUEL,57.875,57.875,0.0
2023-01-11,31,IPG,-12.0,-12.0,0.0
2023-01-11,31,MUEL,57.875,57.875,0.0
2023-01-11,32,IPG,-12.0,-12.0,0.0
2023-01-11,32,MUEL,57.875,57.875,0.0
2023-01-11,33,MUEL,35.3,35.3,0.0
2023-01-11,33,UFBG,8.25,8.25,0.0
2023-01-11,34,MUEL,35.3,35.3,0.0
2023-01-11,34,UFBG,8.25,8.25,0.0
2023-01-11,35,MUEL,35.3,35.3,0.0
2023-01-11,35,UFBG,8.25,8.25,0.0
2023-01-11,36,MUEL,35.3,35.3,0.0
2023-01-11,36,UFBG,8.25,8.25,0.0
2023-01-11,37,MUEL,19.475,19.474999999999998,3.552713678800501e-15
2023-01-11,37,UFBG,11.25,11.25,0.0
2023-01-11,38,MUEL,19.475,19.474999999999998,3.552713678800501e-15
2023-01-11,38,UFBG,11.25,11.25,0.0
2023-01-11,39,MUEL,19.475,19.474999999999998,3.552713678800501e-15
2023-01-11,39,UFBG,11.25,11.25,0.0
2023-01-11,40,MUEL,19.475,19.474999999999998,3.552713678800501e-15
2023-01-11,40,UFBG,11.25,11.25,0.0
2023-01-11,53,UFBB,-2.8,-2.8,0.0
2023-01-11,54,UFBB,-2.8,-2.8,0.0
2023-01-11,55,UFBB,-2.8,-2.8,0.0
2023-01-11,56,UFBB,-2.8,-2.8,0.0
2023-01-11,61,MUEB,-24.475,-24.475,0.0
2023-01-11,61,UFBB,-1.3250000000000002,-1.325,2.220446049250313e-16
2023-01-11,62,MUEB,-24.475,-24.475,0.0
2023-01-11,62,UFBB,-1.3250000000000002,-1.325,2.220446049250313e-16
2023-01-11,63,MUEB,-24.475,-24.475,0.0
2023-01-11,63,UFBB,-1.3250000000000002,-1.325,2.220446049250313e-16
2023-01-11,64,MUEB,-24.475,-24.475,0.0
2023-01-11,64,UFBB,-1.3250000000000002,-1.325,2.220446049250313e-16
2023-01-11,69,MUEL,12.75,12.75,0.0
2023-01-11,70,MUEL,12.75,12.75,0.0
2023-01-11,71,MUEL,12.75,12.75,0.0
2023-01-11,72,MUEL,12.75,12.75,0.0
2023-01-11,77,IPG,-4.15,-4.15,0.0
2023-01-11,78,IPG,-4.15,-4.15,0.0
2023-01-11,79,IPG,-4.15,-4.15,0.0
2023-01-11,80,IPG,-4.15,-4.15,0.0
2023-01-11,89,MUEL,2.85,2.85,0.0
2023-01-11,89,TJEG,17.5,17.5,0.0
2023-01-11,90,MUEL,2.85,2.85,0.0
2023-01-11,90,TJEG,17.5,17.5,0.0
2023-01-11,91,MUEL,2.85,2.85,0.0
2023-01-11,91,TJEG,17.5,17.5,0.0
2023-01-11,92,MUEL,2.85,2.85,0.0
2023-01-11,92,TJEG,17.5,17.5,0.0
2023-01-11,93,UFBB,-26.0,-26.0,0.0
2023-01-11,94,UFBB,-26.0,-26.0,0.0
2023-01-11,95,UFBB,-26.0,-26.0,0.0
2023-01-11,96,UFBB,-26.0,-26.0,0.0
2023-01-12,1,UFBB,-17.725,-17.725,0.0
2023-01-12,2,UFBB,-17.725,-17.725,0.0
2023-01-12,3,UFBB,-17.725,-17.725,0.0
2023-01-12,4,UFBB,-17.725,-17.725,0.0
2023-01-12,5,AGUB,6.475,6.475,0.0
2023-01-12,5,UFBB,-13.0,-13.0,0.0
2023-01-12,6,AGUB,6.475,6.475,0.0
2023-01-12,6,UFBB,-13.0,-13.0,0.0
2023-01-12,7,AGUB,6.475,6.475,0.0
2023-01-12,7,UFBB,-13.0,-13.0,0.0
2023-01-12,8,AGUB,6.475,6.475,0.0
2023-01-12,8,UFBB,-13.0,-13.0,0.0
2023-01-12,9,AGUB,5.675,5.675,0.0
2023-01-12,9,IPB,-16.5,-16.5,0.0
2023-01-12,10,AGUB,5.675,5.675,0.0
2023-01-12,10,IPB,-16.5,-16.5,0.0
2023-01-12,11,AGUB,5.675,5.675,0.0
2023-01-12,11,IPB,-16.5,-16.5,0.0
2023-01-12,12,AGUB,5.675,5.675,0.0
2023-01-12,12,IPB,-16.5,-16.5,0.0
2023-01-12,13,AGUB,0.6000000000000001,0.6,1.1102230246251565e-16
2023-01-12,14,AGUB,0.6000000000000001,0.6,1.1102230246251565e-16
2023-01-12,15,AGUB,0.6000000000000001,0.6,1.1102230246251565e-16
2023-01-12,16,AGUB,0.6000000000000001,0.6,1.1102230246251565e-16
2023-01-12,17,IPB,-7.55,-7.55,0.0
2023-01-12,18,IPB,-7.55,-7.55,0.0
2023-01-12,19,IPB,-7.55,-7.55,0.0
2023-01-12,20,IPB,-7.55,-7.55,0.0
2023-01-12,21,UFBB,-13.0,-13.0,0.0
2023-01-12,22,UFBB,-13.0,-13.0,0.0
2023-01-12,23,UFBB,-13.0,-13.0,0.0
2023-01-12,24,UFBB,-13.0,-13.0,0.0
2023-01-12,25,AGUB,2.1,2.1,0.0
2023-01-12,26,AGUB,2.1,2.1,0.0
2023-01-12,27,AGUB,2.1,2.1,0.0
2023-01-12,28,AGUB,2.1,2.1,0.0
2023-01-12,33,MUEL,9.975,9.975,0.0
2023-01-12,33,UFBG,30.75,30.75,0.0
2023-01-12,34,MUEL,9.975,9.975,0.0
2023-01-12,34,UFBG,30.75,30.75,0.0
2023-01-12,35,MUEL,9.975,9.975,0.0
2023-01-12,35,UFBG,30.75,30.75,0.0
2023-01-12,36,MUEL,9.975,9.975,0.0
2023-01-12,36,UFBG,30.75,30.75,0.0
2023-01-12,37,MUEL,75.0,75.0,0.0
2023-01-12,38,MUEL,75.0,75.0,0.0
2023-01-12,39,MUEL,75.0,75.0,0.0
2023-01-12,40,MUEL,75.0,75.0,0.0
2023-01-12,41,MUEL,71.05,71.05,0.0
2023-01-12,42,MUEL,71.05,71.05,0.0
2023-01-12,43,MUEL,71.05,71.05,0.0
2023-01-12,44,MUEL,71.05,71.05,0.0
2023-01-12,61,UFBB,-0.675,-0.675,0.0
2023-01-12,62,UFBB,-0.675,-0.675,0.0
2023-01-12,63,UFBB,-0.675,-0.675,0.0
2023-01-12,64,UFBB,-0.675,-0.675,0.0
2023-01-12,69,MUEL,2.275,2.275,0.0
2023-01-12,69,UFBG,11.25,11.25,0.0
2023-01-12,70,MUEL,2.275,2.275,0.0
2023-01-12,70,UFBG,11.25,11.25,0.0
2023-01-12,71,MUEL,2.275,2.275,0.0
2023-01-12,71,UFBG,11.25,11.25,0.0
2023-01-12,72,MUEL,2.275,2.275,0.0
2023-01-12,72,UFBG,11.25,11.25,0.0
2023-01-12,73,UFBG,11.25,11.25,0.0
2023-01-12,74,UFBG,11.25,11.25,0.0
2023-01-12,75,UFBG,11.25,11.25,0.0
2023-01-12,76,UFBG,11.25,11.25,0.0
2023-01-12,77,UFBG,8.25,8.25,0.0
2023-01-12,78,UFBG,8.25,8.25,0.0
2023-01-12,79,UFBG,8.25,8.25,0.0
2023-01-12,80,UFBG,8.25,8.25,0.0
2023-01-12,93,AGUB,4.0,4.0,0.0
2023-01-12,93,UFBB,-13.0,-13.0,0.0
2023-01-12,94,AGUB,4.0,4.0,0.0
2023-01-12,94,UFBB,-13.0,-13.0,0.0
2023-01-12,95,AGUB,4.0,4.0,0.0
2023-01-12,95,UFBB,-13.0,-13.0,0.0
2023-01-12,96,AGUB,4.0,4.0,0.0
2023-01-12,96,UFBB,-13.0,-13.0,0.0
2023-01-13,1,AGUB,-16.1,-16.1,0.0
2023-01-13,2,AGUB,-16.1,-16.1,0.0
2023-01-13,3,AGUB,-16.1,-16.1,0.0
2023-01-13,4,AGUB,-16.1,-16.1,0.0
2023-01-13,9,AGUB,-18.025,-18.025,0.0
2023-01-13,9,UFBB,3.025,3.0250000000000004,4.440892098500626e-16
2023-01-13,10,AGUB,-18.025,-18.025,0.0
2023-01-13,10,UFBB,3.025,3.0250000000000004,4.440892098500626e-16
2023-01-13,11,AGUB,-18.025,-18.025,0.0
2023-01-13,11,UFBB,3.025,3.0250000000000004,4.440892098500626e-16
2023-01-13,12,AGUB,-18.025,-18.025,0.0
2023-01-13,12,UFBB,3.025,3.0250000000000004,4.440892098500626e-16
2023-01-13,13,AGUB,-35.6,-35.6,0.0
2023-01-13,14,AGUB,-35.6,-35.6,0.0
2023-01-13,15,AGUB,-35.6,-35.6,0.0
2023-01-13,16,AGUB,-35.6,-35.6,0.0
2023-01-13,33,MUEL,141.775,141.775,0.0
2023-01-13,34,MUEL,141.775,141.775,0.0
2023-01-13,35,MUEL,141.775,141.775,0.0
2023-01-13,36,MUEL,141.775,141.775,0.0
2023-01-13,37,MUEL,118.925,118.925,0.0
2023-01-13,38,MUEL,118.925,118.925,0.0
2023-01-13,39,MUEL,118.925,118.925,0.0
2023-01-13,40,MUEL,118.925,118.925,0.0
2023-01-13,41,MUEL,169.75,169.75,0.0
2023-01-13,42,MUEL,169.75,169.75,0.0
2023-01-13,43,MUEL,169.75,169.75,0.0
2023-01-13,44,MUEL,169.75,169.75,0.0
2023-01-13,45,MUEL,114.925,114.92500000000001,1.4210854715202004e-14
2023-01-13,46,MUEL,114.925,114.92500000000001,1.4210854715202004e-14
2023-01-13,47,MUEL,114.925,114.92500000000001,1.4210854715202004e-14
2023-01-13,48,MUEL,114.925,114.92500000000001,1.4210854715202004e-14
2023-01-13,65,MUEL,-50.0,-50.0,0.0
2023-01-13,66,MUEL,-50.0,-50.0,0.0
2023-01-13,67,MUEL,-50.0,-50.0,0.0
2023-01-13,68,MUEL,-50.0,-50.0,0.0
2023-01-13,69,MUEL,74.625,74.625,0.0
2023-01-13,70,MUEL,74.625,74.625,0.0
2023-01-13,71,MUEL,74.625,74.625,0.0
2023-01-13,72,MUEL,74.625,74.625,0.0
2023-01-13,89,MUEL,-104.1,-104.1,0.0
2023-01-13,90,MUEL,-104.1,-104.1,0.0
2023-01-13,91,MUEL,-104.1,-104.1,0.0
2023-01-13,92,MUEL,-104.1,-104.1,0.0
2023-01-13,93,MUEL,-39.225,-39.225,0.0
2023-01-13,94,MUEL,-39.225,-39.225,0.0
2023-01-13,95,MUEL,-39.225,-39.225,0.0
2023-01-13,96,MUEL,-39.225,-39.225,0.0
2023-01-14,1,UFBG,19.5,19.5,0.0
2023-01-14,2,UFBG,19.5,19.5,0.0
2023-01-14,3,UFBG,19.5,19.5,0.0
2023-01-14,4,UFBG,19.5,19.5,0.0
2023-01-14,5,UFBG,30.75,30.75,0.0
2023-01-14,6,UFBG,30.75,30.75,0.0
2023-01-14,7,UFBG,30.75,30.75,0.0
2023-01-14,8,UFBG,30.75,30.75,0.0
2023-01-14,9,UFBG,20.525,20.525,0.0
2023-01-14,10,UFBG,20.525,20.525,0.0
2023-01-14,11,UFBG,20.525,20.525,0.0
2023-01-14,12,UFBG,20.525,20.525,0.0
2023-01-14,13,UFBG,3.6,3.6,0.0
2023-01-14,14,UFBG,3.6,3.6,0.0
2023-01-14,15,UFBG,3.6,3.6,0.0
2023-01-14,16,UFBG,3.6,3.6,0.0
2023-01-14,17,MUEL,75.25,75.25,0.0
2023-01-14,18,MUEL,75.25,75.25,0.0
2023-01-14,19,MUEL,75.25,75.25,0.0
2023-01-14,20,MUEL,75.25,75.25,0.0
2023-01-14,25,MUEL,57.275,57.275,0.0
2023-01-14,26,MUEL,57.275,57.275,0.0
2023-01-14,27,MUEL,57.275,57.275,0.0
2023-01-14,28,MUEL,57.275,57.275,0.0
2023-01-14,29,MUEL,174.45,174.45,0.0
2023-01-14,30,MUEL,174.45,174.45,0.0
2023-01-14,31,MUEL,174.45,174.45,0.0
2023-01-14,32,MUEL,174.45,174.45,0.0
2023-01-14,33,MUEL,50.9,50.9,0.0
2023-01-14,34,MUEL,50.9,50.9,0.0
2023-01-14,35,MUEL,50.9,50.9,0.0
2023-01-14,36,MUEL,50.9,50.9,0.0
2023-01-14,37,MUEL,16.75,16.75,0.0
2023-01-14,38,MUEL,16.75,16.75,0.0
2023-01-14,39,MUEL,16.75,16.75,0.0
2023-01-14,40,MUEL,16.75,16.75,0.0
2023-01-14,41,MUEB,37.65,37.65,0.0
2023-01-14,42,MUEB,37.65,37.65,0.0
2023-01-14,43,MUEB,37.65,37.65,0.0
2023-01-14,44,MUEB,37.65,37.65,0.0
2023-01-14,49,AGUG,-6.75,-6.75,0.0
2023-01-14,50,AGUG,-6.75,-6.75,0.0
2023-01-14,51,AGUG,-6.75,-6.75,0.0
2023-01-14,52,AGUG,-6.75,-6.75,0.0
2023-01-14,53,AGUB,-44.0,-44.0,0.0
2023-01-14,53,AGUG,-8.15,-8.15,0.0
2023-01-14,54,AGUB,-44.0,-44.0,0.0
2023-01-14,54,AGUG,-8.15,-8.15,0.0
2023-01-14,55,AGUB,-44.0,-44.0,0.0
2023-01-14,55,AGUG,-8.15,-8.15,0.0
2023-01-14,56,AGUB,-44.0,-44.0,0.0
2023-01-14,56,AGUG,-8.15,-8.15,0.0
2023-01-14,57,AGUB,-1.75,-1.75,0.0
2023-01-14,57,MUEB,48.725,48.725,0.0
2023-01-14,58,AGUB,-1.75,-1.75,0.0
2023-01-14,58,MUEB,48.725,48.725,0.0
2023-01-14,59,AGUB,-1.75,-1.75,0.0
2023-01-14,59,MUEB,48.725,48.725,0.0
2023-01-14,60,AGUB,-1.75,-1.75,0.0
2023-01-14,60,MUEB,48.725,48.725,0.0
2023-01-14,61,AGUB,-30.025,-30.025,0.0
2023-01-14,61,MUEB,39.0,39.0,0.0
2023-01-14,61,UFBB,-13.0,-13.0,0.0
2023-01-14,62,AGUB,-30.025,-30.025,0.0
2023-01-14,62,MUEB,39.0,39.0,0.0
2023-01-14,62,UFBB,-13.0,-13.0,0.0
2023-01-14,63,AGUB,-30.025,-30.025,0.0
2023-01-14,63,MUEB,39.0,39.0,0.0
2023-01-14,63,UFBB,-13.0,-13.0,0.0
2023-01-14,64,AGUB,-30.025,-30.025,0.0
2023-01-14,64,MUEB,39.0,39.0,0.0
2023-01-14,64,UFBB,-13.0,-13.0,0.0
2023-01-14,65,AGUB,-4.35,-4.35,0.0
2023-01-14,65,MUEB,24.975,24.974999999999998,3.552713678800501e-15
2023-01-14,66,AGUB,-4.35,-4.35,0.0
2023-01-14,66,MUEB,24.975,24.974999999999998,3.552713678800501e-15
2023-01-14,67,AGUB,-4.35,-4.35,0.0
2023-01-14,67,MUEB,24.975,24.974999999999998,3.552713678800501e-15
2023-01-14,68,AGUB,-4.35,-4.35,0.0
2023-01-14,68,MUEB,24.975,24.974999999999998,3.552713678800501e-15
2023-01-14,69,MUEB,-80.75,-80.75,0.0
2023-01-14,69,UFBB,-0.1,-0.1,0.0
2023-01-14,70,MUEB,-80.75,-80.75,0.0
2023-01-14,70,UFBB,-0.1,-0.1,0.0
2023-01-14,71,MUEB,-80.75,-80.75,0.0
2023-01-14,71,UFBB,-0.1,-0.1,0.0
2023-01-14,72,MUEB,-80.75,-80.75,0.0
2023-01-14,72,UFBB,-0.1,-0.1,0.0
2023-01-14,73,UFBG,6.15,6.15,0.0
2023-01-14,74,UFBG,6.15,6.15,0.0
2023-01-14,75,UFBG,6.15,6.15,0.0
2023-01-14,76,UFBG,6.15,6.15,0.0
2023-01-14,81,MUEB,73.275,73.27499999999999,1.4210854715202004e-14
2023-01-14,82,MUEB,73.275,73.27499999999999,1.4210854715202004e-14
2023-01-14,83,MUEB,73.275,73.27499999999999,1.4210854715202004e-14
2023-01-14,84,MUEB,73.275,73.27499999999999,1.4210854715202004e-14
2023-01-14,85,MUEB,161.65,161.65,0.0
2023-01-14,86,MUEB,161.65,161.65,0.0
2023-01-14,87,MUEB,161.65,161.65,0.0
2023-01-14,88,MUEB,161.65,161.65,0.0
2023-01-14,89,MUEB,124.25,124.25,0.0
2023-01-14,90,MUEB,124.25,124.25,0.0
2023-01-14,91,MUEB,124.25,124.25,0.0
2023-01-14,92,MUEB,124.25,124.25,0.0
2023-01-14,93,AGUB,-3.625,-3.625,0.0
2023-01-14,93,MUEB,47.5,47.5,0.0
2023-01-14,94,AGUB,-3.625,-3.625,0.0
2023-01-14,94,MUEB,47.5,47.5,0.0
2023-01-14,95,AGUB,-3.625,-3.625,0.0
2023-01-14,95,MUEB,47.5,47.5,0.0
2023-01-14,96,AGUB,-3.625,-3.625,0.0
2023-01-14,96,MUEB,47.5,47.5,0.0
2023-01-15,1,MUEB,51.25,51.25,0.0
2023-01-15,2,MUEB,51.25,51.25,0.0
2023-01-15,3,MUEB,51.25,51.25,0.0
2023-01-15,4,MUEB,51.25,51.25,0.0
2023-01-15,5,AGUB,3.725,3.725,0.0
2023-01-15,6,AGUB,3.725,3.725,0.0
2023-01-15,7,AGUB,3.725,3.725,0.0
2023-01-15,8,AGUB,3.725,3.725,0.0
2023-01-15,29,AGUB,20.5,20.5,0.0
2023-01-15,30,AGUB,20.5,20.5,0.0
2023-01-15,31,AGUB,20.5,20.5,0.0
2023-01-15,32,AGUB,20.5,20.5,0.0
2023-01-15,37,UFBB,-13.0,-13.0,0.0
2023-01-15,38,UFBB,-13.0,-13.0,0.0
2023-01-15,39,UFBB,-13.0,-13.0,0.0
2023-01-15,40,UFBB,-13.0,-13.0,0.0
2023-01-15,41,MUEB,55.0,55.0,0.0
2023-01-15,42,MUEB,55.0,55.0,0.0
2023-01-15,43,MUEB,55.0,55.0,0.0
2023-01-15,44,MUEB,55.0,55.0,0.0
2023-01-15,45,UFBB,-4.9,-4.9,0.0
2023-01-15,46,UFBB,-4.9,-4.9,0.0
2023-01-15,47,UFBB,-4.9,-4.9,0.0
2023-01-15,48,UFBB,-4.9,-4.9,0.0
2023-01-15,49,AGUB,-22.0,-22.0,0.0
2023-01-15,50,AGUB,-22.0,-22.0,0.0
2023-01-15,51,AGUB,-22.0,-22.0,0.0
2023-01-15,52,AGUB,-22.0,-22.0,0.0
2023-01-15,53,AGUB,-18.85,-18.85,0.0
2023-01-15,54,AGUB,-18.85,-18.85,0.0
2023-01-15,55,AGUB,-18.85,-18.85,0.0
2023-01-15,56,AGUB,-18.85,-18.85,0.0
2023-01-15,57,AGUB,-2.25,-2.25,0.0
2023-01-15,58,AGUB,-2.25,-2.25,0.0
2023-01-15,59,AGUB,-2.25,-2.25,0.0
2023-01-15,60,AGUB,-2.25,-2.25,0.0
2023-01-15,61,AGUB,-22.475,-22.474999999999998,3.552713678800501e-15
2023-01-15,61,IPB,2.0500000000000003,2.05,4.440892098500626e-16
2023-01-15,61,UFBB,-3.2,-3.2,0.0
2023-01-15,62,AGUB,-22.475,-22.474999999999998,3.552713678800501e-15
2023-01-15,62,IPB,2.0500000000000003,2.05,4.440892098500626e-16
2023-01-15,62,UFBB,-3.2,-3.2,0.0
2023-01-15,63,AGUB,-22.475,-22.474999999999998,3.552713678800501e-15
2023-01-15,63,IPB,2.0500000000000003,2.05,4.440892098500626e-16
2023-01-15,63,UFBB,-3.2,-3.2,0.0
2023-01-15,64,AGUB,-22.475,-22.474999999999998,3.552713678800501e-15
2023-01-15,64,IPB,2.0500000000000003,2.05,4.440892098500626e-16
2023-01-15,64,UFBB,-3.2,-3.2,0.0
2023-01-15,65,AGUB,-1.75,-1.75,0.0
2023-01-15,65,IPB,7.4,7.4,0.0
2023-01-15,65,UFBB,-6.85,-6.85,0.0
2023-01-15,66,AGUB,-1.75,-1.75,0.0
2023-01-15,66,IPB,7.4,7.4,0.0
2023-01-15,66,UFBB,-6.85,-6.85,0.0
2023-01-15,67,AGUB,-1.75,-1.75,0.0
2023-01-15,67,IPB,7.4,7.4,0.0
2023-01-15,67,UFBB,-6.85,-6.85,0.0
2023-01-15,68,AGUB,-1.75,-1.75,0.0
2023-01-15,68,IPB,7.4,7.4,0.0
2023-01-15,68,UFBB,-6.85,-6.85,0.0
2023-01-15,69,UFBB,-3.0,-3.0,0.0
2023-01-15,70,UFBB,-3.0,-3.0,0.0
2023-01-15,71,UFBB,-3.0,-3.0,0.0
2023-01-15,72,UFBB,-3.0,-3.0,0.0
2023-01-15,73,MUEB,109.25,109.25,0.0
2023-01-15,73,UFBG,-5.825,-5.825,0.0
2023-01-15,74,MUEB,109.25,109.25,0.0
2023-01-15,74,UFBG,-5.825,-5.825,0.0
2023-01-15,75,MUEB,109.25,109.25,0.0
2023-01-15,75,UFBG,-5.825,-5.825,0.0
2023-01-15,76,MUEB,109.25,109.25,0.0
2023-01-15,76,UFBG,-5.825,-5.825,0.0
2023-01-15,81,MUEL,10.975,10.975,0.0
2023-01-15,81,UFBG,1.125,1.125,0.0
2023-01-15,82,MUEL,10.975,10.975,0.0
2023-01-15,82,UFBG,1.125,1.125,0.0
2023-01-15,83,MUEL,10.975,10.975,0.0
2023-01-15,83,UFBG,1.125,1.125,0.0
2023-01-15,84,MUEL,10.975,10.975,0.0
2023-01-15,84,UFBG,1.125,1.125,0.0
2023-01-15,89,MUEB,4.0,4.0,0.0
2023-01-15,90,MUEB,4.0,4.0,0.0
2023-01-15,91,MUEB,4.0,4.0,0.0
2023-01-15,92,MUEB,4.0,4.0,0.0
2023-01-16,1,UFBB,-13.0,-13.0,0.0
2023-01-16,2,UFBB,-13.0,-13.0,0.0
2023-01-16,3,UFBB,-13.0,-13.0,0.0
2023-01-16,4,UFBB,-13.0,-13.0,0.0
2023-01-16,5,UFBB,-13.25,-13.25,0.0
2023-01-16,6,UFBB,-13.25,-13.25,0.0
2023-01-16,7,UFBB,-13.25,-13.25,0.0
2023-01-16,8,UFBB,-13.25,-13.25,0.0
2023-01-16,9,UFBB,-10.0,-10.0,0.0
2023-01-16,10,UFBB,-10.0,-10.0,0.0
2023-01-16,11,UFBB,-10.0,-10.0,0.0
2023-01-16,12,UFBB,-10.0,-10.0,0.0
2023-01-16,17,UFBB,-4.975,-4.975,0.0
2023-01-16,18,UFBB,-4.975,-4.975,0.0
2023-01-16,19,UFBB,-4.975,-4.975,0.0
2023-01-16,20,UFBB,-4.975,-4.975,0.0
2023-01-16,21,MUEB,0.675,0.675,0.0
2023-01-16,21,UFBB,-5.1499999999999995,-5.15,8.881784197001252e-16
2023-01-16,22,MUEB,0.675,0.675,0.0
2023-01-16,22,UFBB,-5.1499999999999995,-5.15,8.881784197001252e-16
2023-01-16,23,MUEB,0.675,0.675,0.0
2023-01-16,23,UFBB,-5.1499999999999995,-5.15,8.881784197001252e-16
2023-01-16,24,MUEB,0.675,0.675,0.0
2023-01-16,24,UFBB,-5.1499999999999995,-5.15,8.881784197001252e-16
2023-01-16,29,AGUB,0.05,0.05,0.0
2023-01-16,30,AGUB,0.05,0.05,0.0
2023-01-16,31,AGUB,0.05,0.05,0.0
2023-01-16,32,AGUB,0.05,0.05,0.0
2023-01-16,53,MUEB,14.375,14.375,0.0
2023-01-16,53,UFBB,-13.675,-13.675,0.0
2023-01-16,54,MUEB,14.375,14.375,0.0
2023-01-16,54,UFBB,-13.675,-13.675,0.0
2023-01-16,55,MUEB,14.375,14.375,0.0
2023-01-16,55,UFBB,-13.675,-13.675,0.0
2023-01-16,56,MUEB,14.375,14.375,0.0
2023-01-16,56,UFBB,-13.675,-13.675,0.0
2023-01-16,57,AGUB,-22.0,-22.0,0.0
2023-01-16,57,MUEB,4.35,4.35,0.0
2023-01-16,58,AGUB,-22.0,-22.0,0.0
2023-01-16,58,MUEB,4.35,4.35,0.0
2023-01-16,59,AGUB,-22.0,-22.0,0.0
2023-01-16,59,MUEB,4.35,4.35,0.0
2023-01-16,60,AGUB,-22.0,-22.0,0.0
2023-01-16,60,MUEB,4.35,4.35,0.0
2023-01-16,61,AGUB,-22.0,-22.0,0.0
2023-01-16,61,MUEB,8.65,8.65,0.0
2023-01-16,61,UFBB,-7.8,-7.8,0.0
2023-01-16,62,AGUB,-22.0,-22.0,0.0
2023-01-16,62,MUEB,8.65,8.65,0.0
2023-01-16,62,UFBB,-7.8,-7.8,0.0
2023-01-16,63,AGUB,-22.0,-22.0,0.0
2023-01-16,63,MUEB,8.65,8.65,0.0
2023-01-16,63,UFBB,-7.8,-7.8,0.0
2023-01-16,64,AGUB,-22.0,-22.0,0.0
2023-01-16,64,MUEB,8.65,8.65,0.0
2023-01-16,64,UFBB,-7.8,-7.8,0.0
2023-01-16,65,AGUB,-46.175000000000004,-46.175,7.105427357601002e-15
2023-01-16,65,UFBB,-12.275,-12.275,0.0
2023-01-16,66,AGUB,-46.175000000000004,-46.175,7.105427357601002e-15
2023-01-16,66,UFBB,-12.275,-12.275,0.0
2023-01-16,67,AGUB,-46.175000000000004,-46.175,7.105427357601002e-15
2023-01-16,67,UFBB,-12.275,-12.275,0.0
2023-01-16,68,AGUB,-46.175000000000004,-46.175,7.105427357601002e-15
2023-01-16,68,UFBB,-12.275,-12.275,0.0
2023-01-16,69,MUEL,61.85,61.85,0.0
2023-01-16,69,UFBB,-16.75,-16.75,0.0
2023-01-16,70,MUEL,61.85,61.85,0.0
2023-01-16,70,UFBB,-16.75,-16.75,0.0
2023-01-16,71,MUEL,61.85,61.85,0.0
2023-01-16,71,UFBB,-16.75,-16.75,0.0
2023-01-16,72,MUEL,61.85,61.85,0.0
2023-01-16,72,UFBB,-16.75,-16.75,0.0
2023-01-16,73,MUEL,32.45,32.45,0.0
2023-01-16,73,UFBB,-26.0,-26.0,0.0
2023-01-16,74,MUEL,32.45,32.45,0.0
2023-01-16,74,UFBB,-26.0,-26.0,0.0
2023-01-16,75,MUEL,32.45,32.45,0.0
2023-01-16,75,UFBB,-26.0,-26.0,0.0
2023-01-16,76,MUEL,32.45,32.45,0.0
2023-01-16,76,UFBB,-26.0,-26.0,0.0
2023-01-16,81,MUEL,0.45,0.45,0.0
2023-01-16,82,MUEL,0.45,0.45,0.0
2023-01-16,83,MUEL,0.45,0.45,0.0
2023-01-16,84,MUEL,0.45,0.45,0.0
2023-01-16,89,AGUB,-17.6,-17.6,0.0
2023-01-16,90,AGUB,-17.6,-17.6,0.0
2023-01-16,91,AGUB,-17.6,-17.6,0.0
2023-01-16,92,AGUB,-17.6,-17.6,0.0
2023-01-16,93,AGUB,-8.525,-8.525,0.0
2023-01-16,94,AGUB,-8.525,-8.525,0.0
2023-01-16,95,AGUB,-8.525,-8.525,0.0
2023-01-16,96,AGUB,-8.525,-8.525,0.0
2023-01-17,5,UFBB,-0.15,-0.15,0.0
2023-01-17,6,UFBB,-0.15,-0.15,0.0
2023-01-17,7,UFBB,-0.15,-0.15,0.0
2023-01-17,8,UFBB,-0.15,-0.15,0.0
2023-01-17,13,MUEB,-24.825,-24.825,0.0
2023-01-17,14,MUEB,-24.825,-24.825,0.0
2023-01-17,15,MUEB,-24.825,-24.825,0.0
2023-01-17,16,MUEB,-24.825,-24.825,0.0
2023-01-17,17,MUEB,-94.225,-94.225,0.0
2023-01-17,18,MUEB,-94.225,-94.225,0.0
2023-01-17,19,MUEB,-94.225,-94.225,0.0
2023-01-17,20,MUEB,-94.225,-94.225,0.0
2023-01-17,21,MUEB,-95.0,-95.0,0.0
2023-01-17,22,MUEB,-95.0,-95.0,0.0
2023-01-17,23,MUEB,-95.0,-95.0,0.0
2023-01-17,24,MUEB,-95.0,-95.0,0.0
2023-01-17,25,MUEB,-207.5,-207.5,0.0
2023-01-17,26,MUEB,-207.5,-207.5,0.0
2023-01-17,27,MUEB,-207.5,-207.5,0.0
2023-01-17,28,MUEB,-207.5,-207.5,0.0
2023-01-17,33,UFBG,22.5,22.5,0.0
2023-01-17,34,UFBG,22.5,22.5,0.0
2023-01-17,35,UFBG,22.5,22.5,0.0
2023-01-17,36,UFBG,22.5,22.5,0.0
2023-01-17,41,MUEB,115.0,115.0,0.0
2023-01-17,41,MUEL,50.0,50.0,0.0
2023-01-17,42,MUEB,115.0,115.0,0.0
2023-01-17,42,MUEL,50.0,50.0,0.0
2023-01-17,43,MUEB,115.0,115.0,0.0
2023-01-17,43,MUEL,50.0,50.0,0.0
2023-01-17,44,MUEB,115.0,115.0,0.0
2023-01-17,44,MUEL,50.0,50.0,0.0
2023-01-17,61,MUEB,40.675,40.675,0.0
2023-01-17,62,MUEB,40.675,40.675,0.0
2023-01-17,63,MUEB,40.675,40.675,0.0
2023-01-17,64,MUEB,40.675,40.675,0.0
2023-01-17,65,MUEB,59.175,59.175,0.0
2023-01-17,66,MUEB,59.175,59.175,0.0
2023-01-17,67,MUEB,59.175,59.175,0.0
2023-01-17,68,MUEB,59.175,59.175,0.0
2023-01-17,69,MUEB,94.95,94.95,0.0
2023-01-17,70,MUEB,94.95,94.95,0.0
2023-01-17,71,MUEB,94.95,94.95,0.0
2023-01-17,72,MUEB,94.95,94.95,0.0
2023-01-17,73,MUEB,60.9,60.9,0.0
2023-01-17,74,MUEB,60.9,60.9,0.0
2023-01-17,75,MUEB,60.9,60.9,0.0
2023-01-17,76,MUEB,60.9,60.9,0.0
2023-01-17,81,MUEL,44.8,44.8,0.0
2023-01-17,81,UFBG,1.675,1.675,0.0
2023-01-17,82,MUEL,44.8,44.8,0.0
2023-01-17,82,UFBG,1.675,1.675,0.0
2023-01-17,83,MUEL,44.8,44.8,0.0
2023-01-17,83,UFBG,1.675,1.675,0.0
2023-01-17,84,MUEL,44.8,44.8,0.0
2023-01-17,84,UFBG,1.675,1.675,0.0
2023-01-17,85,UFBG,30.75,30.75,0.0
2023-01-17,86,UFBG,30.75,30.75,0.0
2023-01-17,87,UFBG,30.75,30.75,0.0
2023-01-17,88,UFBG,30.75,30.75,0.0
2023-01-17,89,MUEB,1.875,1.875,0.0
2023-01-17,89,UFBG,30.75,30.75,0.0
2023-01-17,90,MUEB,1.875,1.875,0.0
2023-01-17,90,UFBG,30.75,30.75,0.0
2023-01-17,91,MUEB,1.875,1.875,0.0
2023-01-17,91,UFBG,30.75,30.75,0.0
2023-01-17,92,MUEB,1.875,1.875,0.0
2023-01-17,92,UFBG,30.75,30.75,0.0
2023-01-18,1,UFBB,-12.825,-12.825,0.0
2023-01-18,2,UFBB,-12.825,-12.825,0.0
2023-01-18,3,UFBB,-12.825,-12.825,0.0
2023-01-18,4,UFBB,-12.825,-12.825,0.0
2023-01-18,5,UFBB,-13.0,-13.0,0.0
2023-01-18,6,UFBB,-13.0,-13.0,0.0
2023-01-18,7,UFBB,-13.0,-13.0,0.0
2023-01-18,8,UFBB,-13.0,-13.0,0.0
2023-01-18,9,UFBB,-13.0,-13.0,0.0
2023-01-18,10,UFBB,-13.0,-13.0,0.0
2023-01-18,11,UFBB,-13.0,-13.0,0.0
2023-01-18,12,UFBB,-13.0,-13.0,0.0
2023-01-18,13,UFBB,-9.2,-9.2,0.0
2023-01-18,14,UFBB,-9.2,-9.2,0.0
2023-01-18,15,UFBB,-9.2,-9.2,0.0
2023-01-18,16,UFBB,-9.2,-9.2,0.0
2023-01-18,21,UFBB,-11.225,-11.225,0.0
2023-01-18,22,UFBB,-11.225,-11.225,0.0
2023-01-18,23,UFBB,-11.225,-11.225,0.0
2023-01-18,24,UFBB,-11.225,-11.225,0.0
2023-01-18,25,MUEB,-1.1,-1.1,0.0
2023-01-18,26,MUEB,-1.1,-1.1,0.0
2023-01-18,27,MUEB,-1.1,-1.1,0.0
2023-01-18,28,MUEB,-1.1,-1.1,0.0
2023-01-18,29,MUEL,2.275,2.275,0.0
2023-01-18,30,MUEL,2.275,2.275,0.0
2023-01-18,31,MUEL,2.275,2.275,0.0
2023-01-18,32,MUEL,2.275,2.275,0.0
2023-01-18,33,UFBG,7.65,7.65,0.0
2023-01-18,34,UFBG,7.65,7.65,0.0
2023-01-18,35,UFBG,7.65,7.65,0.0
2023-01-18,36,UFBG,7.65,7.65,0.0
2023-01-18,37,UFBG,22.5,22.5,0.0
2023-01-18,38,UFBG,22.5,22.5,0.0
2023-01-18,39,UFBG,22.5,22.5,0.0
2023-01-18,40,UFBG,22.5,22.5,0.0
2023-01-18,41,MUEL,-0.275,-0.275,0.0
2023-01-18,41,UFBG,3.75,3.75,0.0
2023-01-18,42,MUEL,-0.275,-0.275,0.0
2023-01-18,42,UFBG,3.75,3.75,0.0
2023-01-18,43,MUEL,-0.275,-0.275,0.0
2023-01-18,43,UFBG,3.75,3.75,0.0
2023-01-18,44,MUEL,-0.275,-0.275,0.0
2023-01-18,44,UFBG,3.75,3.75,0.0
2023-01-18,45,MUEB,-4.375,-4.375,0.0
2023-01-18,45,UFBB,-0.45,-0.45,0.0
2023-01-18,46,MUEB,-4.375,-4.375,0.0
2023-01-18,46,UFBB,-0.45,-0.45,0.0
2023-01-18,47,MUEB,-4.375,-4.375,0.0
2023-01-18,47,UFBB,-0.45,-0.45,0.0
2023-01-18,48,MUEB,-4.375,-4.375,0.0
2023-01-18,48,UFBB,-0.45,-0.45,0.0
2023-01-18,49,MUEB,-0.07500000000000001,-0.075,1.3877787807814457e-17
2023-01-18,50,MUEB,-0.07500000000000001,-0.075,1.3877787807814457e-17
2023-01-18,51,MUEB,-0.07500000000000001,-0.075,1.3877787807814457e-17
2023-01-18,52,MUEB,-0.07500000000000001,-0.075,1.3877787807814457e-17
2023-01-18,57,UFBG,9.15,9.15,0.0
2023-01-18,58,UFBG,9.15,9.15,0.0
2023-01-18,59,UFBG,9.15,9.15,0.0
2023-01-18,60,UFBG,9.15,9.15,0.0
2023-01-18,65,UFBB,-26.0,-26.0,0.0
2023-01-18,66,UFBB,-26.0,-26.0,0.0
2023-01-18,67,UFBB,-26.0,-26.0,0.0
2023-01-18,68,UFBB,-26.0,-26.0,0.0
2023-01-18,69,UFBG,0.6,0.6,0.0
2023-01-18,70,UFBG,0.6,0.6,0.0
2023-01-18,71,UFBG,0.6,0.6,0.0
2023-01-18,72,UFBG,0.6,0.6,0.0
2023-01-18,81,AGUG,2.25,2.25,0.0
2023-01-18,82,AGUG,2.25,2.25,0.0
2023-01-18,83,AGUG,2.25,2.25,0.0
2023-01-18,84,AGUG,2.25,2.25,0.0
2023-01-18,89,UFBB,-0.5,-0.5,0.0
2023-01-18,89,UFBG,-18.6,-18.6,0.0
2023-01-18,90,UFBB,-0.5,-0.5,0.0
2023-01-18,90,UFBG,-18.6,-18.6,0.0
2023-01-18,91,UFBB,-0.5,-0.5,0.0
2023-01-18,91,UFBG,-18.6,-18.6,0.0
2023-01-18,92,UFBB,-0.5,-0.5,0.0
2023-01-18,92,UFBG,-18.6,-18.6,0.0
2023-01-18,93,UFBB,-8.775,-8.774999999999999,1.7763568394002505e-15
2023-01-18,94,UFBB,-8.775,-8.774999999999999,1.7763568394002505e-15
2023-01-18,95,UFBB,-8.775,-8.774999999999999,1.7763568394002505e-15
2023-01-18,96,UFBB,-8.775,-8.774999999999999,1.7763568394002505e-15
2023-01-19,5,MUEL,-0.35,-0.35,0.0
2023-01-19,6,MUEL,-0.35,-0.35,0.0
2023-01-19,7,MUEL,-0.35,-0.35,0.0
2023-01-19,8,MUEL,-0.35,-0.35,0.0
2023-01-19,9,UFBB,13.0,13.0,0.0
2023-01-19,9,UFBG,22.5,22.5,0.0
2023-01-19,10,UFBB,13.0,13.0,0.0
2023-01-19,10,UFBG,22.5,22.5,0.0
2023-01-19,11,UFBB,13.0,13.0,0.0
2023-01-19,11,UFBG,22.5,22.5,0.0
2023-01-19,12,UFBB,13.0,13.0,0.0
2023-01-19,12,UFBG,22.5,22.5,0.0
2023-01-19,21,UFBB,23.175,23.175,0.0
2023-01-19,22,UFBB,23.175,23.175,0.0
2023-01-19,23,UFBB,23.175,23.175,0.0
2023-01-19,24,UFBB,23.175,23.175,0.0
2023-01-19,25,MUEL,0.525,0.525,0.0
2023-01-19,25,UFBB,26.0,26.0,0.0
2023-01-19,26,MUEL,0.525,0.525,0.0
2023-01-19,26,UFBB,26.0,26.0,0.0
2023-01-19,27,MUEL,0.525,0.525,0.0
2023-01-19,27,UFBB,26.0,26.0,0.0
2023-01-19,28,MUEL,0.525,0.525,0.0
2023-01-19,28,UFBB,26.0,26.0,0.0
2023-01-19,29,UFBG,8.35,8.35,0.0
2023-01-19,30,UFBG,8.35,8.35,0.0
2023-01-19,31,UFBG,8.35,8.35,0.0
2023-01-19,32,UFBG,8.35,8.35,0.0
2023-01-19,41,MUEL,-1.55,-1.55,0.0
2023-01-19,41,UFBB,0.175,0.175,0.0
2023-01-19,42,MUEL,-1.55,-1.55,0.0
2023-01-19,42,UFBB,0.175,0.175,0.0
2023-01-19,43,MUEL,-1.55,-1.55,0.0
2023-01-19,43,UFBB,0.175,0.175,0.0
2023-01-19,44,MUEL,-1.55,-1.55,0.0
2023-01-19,44,UFBB,0.175,0.175,0.0
2023-01-19,45,MUEL,1.25,1.25,0.0
2023-01-19,46,MUEL,1.25,1.25,0.0
2023-01-19,47,MUEL,1.25,1.25,0.0
2023-01-19,48,MUEL,1.25,1.25,0.0
2023-01-19,49,UFBB,11.925,11.925,0.0
2023-01-19,50,UFBB,11.925,11.925,0.0
2023-01-19,51,UFBB,11.925,11.925,0.0
2023-01-19,52,UFBB,11.925,11.925,0.0
2023-01-19,53,MUEB,-55.05,-55.05,0.0
2023-01-19,54,MUEB,-55.05,-55.05,0.0
2023-01-19,55,MUEB,-55.05,-55.05,0.0
2023-01-19,56,MUEB,-55.05,-55.05,0.0
2023-01-19,57,MUEB,-5.0,-5.0,0.0
2023-01-19,57,UFBB,-13.0,-13.0,0.0
2023-01-19,58,MUEB,-5.0,-5.0,0.0
2023-01-19,58,UFBB,-13.0,-13.0,0.0
2023-01-19,59,MUEB,-5.0,-5.0,0.0
2023-01-19,59,UFBB,-13.0,-13.0,0.0
2023-01-19,60,MUEB,-5.0,-5.0,0.0
2023-01-19,60,UFBB,-13.0,-13.0,0.0
2023-01-19,61,MUEB,-25.0,-25.0,0.0
2023-01-19,62,MUEB,-25.0,-25.0,0.0
2023-01-19,63,MUEB,-25.0,-25.0,0.0
2023-01-19,64,MUEB,-25.0,-25.0,0.0
2023-01-19,65,AGUB,21.25,21.25,0.0
2023-01-19,65,MUEB,-32.5,-32.5,0.0
2023-01-19,66,AGUB,21.25,21.25,0.0
2023-01-19,66,MUEB,-32.5,-32.5,0.0
2023-01-19,67,AGUB,21.25,21.25,0.0
2023-01-19,67,MUEB,-32.5,-32.5,0.0
2023-01-19,68,AGUB,21.25,21.25,0.0
2023-01-19,68,MUEB,-32.5,-32.5,0.0
2023-01-19,69,UFBB,-8.6,-8.6,0.0
2023-01-19,70,UFBB,-8.6,-8.6,0.0
2023-01-19,71,UFBB,-8.6,-8.6,0.0
2023-01-19,72,UFBB,-8.6,-8.6,0.0
2023-01-19,73,MUEL,-45.55,-45.55,0.0
2023-01-19,73,UFBB,-13.0,-13.0,0.0
2023-01-19,74,MUEL,-45.55,-45.55,0.0
2023-01-19,74,UFBB,-13.0,-13.0,0.0
2023-01-19,75,MUEL,-45.55,-45.55,0.0
2023-01-19,75,UFBB,-13.0,-13.0,0.0
2023-01-19,76,MUEL,-45.55,-45.55,0.0
2023-01-19,76,UFBB,-13.0,-13.0,0.0
2023-01-19,77,MUEL,-24.35,-24.35,0.0
2023-01-19,78,MUEL,-24.35,-24.35,0.0
2023-01-19,79,MUEL,-24.35,-24.35,0.0
2023-01-19,80,MUEL,-24.35,-24.35,0.0
2023-01-19,81,MUEL,-13.15,-13.15,0.0
2023-01-19,82,MUEL,-13.15,-13.15,0.0
2023-01-19,83,MUEL,-13.15,-13.15,0.0
2023-01-19,84,MUEL,-13.15,-13.15,0.0
2023-01-19,85,MUEL,-98.675,-98.67500000000001,1.4210854715202004e-14
2023-01-19,85,SLTG,-25.0,-25.0,0.0
2023-01-19,86,MUEL,-98.675,-98.67500000000001,1.4210854715202004e-14
2023-01-19,86,SLTG,-25.0,-25.0,0.0
2023-01-19,87,MUEL,-98.675,-98.67500000000001,1.4210854715202004e-14
2023-01-19,87,SLTG,-25.0,-25.0,0.0
2023-01-19,88,MUEL,-98.675,-98.67500000000001,1.4210854715202004e-14
2023-01-19,88,SLTG,-25.0,-25.0,0.0
2023-01-19,89,MUEL,-100.325,-100.325,0.0
2023-01-19,89,SLTG,-25.0,-25.0,0.0
2023-01-19,90,MUEL,-100.325,-100.325,0.0
2023-01-19,90,SLTG,-25.0,-25.0,0.0
2023-01-19,91,MUEL,-100.325,-100.325,0.0
2023-01-19,91,SLTG,-25.0,-25.0,0.0
2023-01-19,92,MUEL,-100.325,-100.325,0.0
2023-01-19,92,SLTG,-25.0,-25.0,0.0
2023-01-19,93,MUEL,-48.8,-48.8,0.0
2023-01-19,93,SLTG,-25.0,-25.0,0.0
2023-01-19,94,MUEL,-48.8,-48.8,0.0
2023-01-19,94,SLTG,-25.0,-25.0,0.0
2023-01-19,95,MUEL,-48.8,-48.8,0.0
2023-01-19,95,SLTG,-25.0,-25.0,0.0
2023-01-19,96,MUEL,-48.8,-48.8,0.0
2023-01-19,96,SLTG,-25.0,-25.0,0.0
2023-01-20,5,AGUB,-5.9750000000000005,-5.975,8.881784197001252e-16
2023-01-20,6,AGUB,-5.9750000000000005,-5.975,8.881784197001252e-16
2023-01-20,7,AGUB,-5.9750000000000005,-5.975,8.881784197001252e-16
2023-01-20,8,AGUB,-5.9750000000000005,-5.975,8.881784197001252e-16
2023-01-20,25,MUEB,-8.75,-8.75,0.0
2023-01-20,25,UFBB,-0.225,-0.225,0.0
2023-01-20,26,MUEB,-8.75,-8.75,0.0
2023-01-20,26,UFBB,-0.225,-0.225,0.0
2023-01-20,27,MUEB,-8.75,-8.75,0.0
2023-01-20,27,UFBB,-0.225,-0.225,0.0
2023-01-20,28,MUEB,-8.75,-8.75,0.0
2023-01-20,28,UFBB,-0.225,-0.225,0.0
2023-01-20,41,UFBB,-13.0,-13.0,0.0
2023-01-20,42,UFBB,-13.0,-13.0,0.0
2023-01-20,43,UFBB,-13.0,-13.0,0.0
2023-01-20,44,UFBB,-13.0,-13.0,0.0
2023-01-20,49,UFBB,-5.15,-5.15,0.0
2023-01-20,50,UFBB,-5.15,-5.15,0.0
2023-01-20,51,UFBB,-5.15,-5.15,0.0
2023-01-20,52,UFBB,-5.15,-5.15,0.0
2023-01-20,53,UFBB,-1.3499999999999999,-1.3499999999999943,5.551115123125783e-15
2023-01-20,54,UFBB,-1.3499999999999999,-1.3499999999999943,5.551115123125783e-15
2023-01-20,55,UFBB,-1.3499999999999999,-1.3499999999999943,5.551115123125783e-15
2023-01-20,56,UFBB,-1.3499999999999999,-1.3499999999999943,5.551115123125783e-15
2023-01-20,57,UFBB,0.0,0.0,0.0
2023-01-20,58,UFBB,0.0,0.0,0.0
2023-01-20,59,UFBB,0.0,0.0,0.0
2023-01-20,60,UFBB,0.0,0.0,0.0
2023-01-20,61,UFBB,-4.9,-4.9,0.0
2023-01-20,62,UFBB,-4.9,-4.9,0.0
2023-01-20,63,UFBB,-4.9,-4.9,0.0
2023-01-20,64,UFBB,-4.9,-4.9,0.0
2023-01-20,65,UFBB,3.3306690738754696e-16,0.0,3.3306690738754696e-16
2023-01-20,66,UFBB,3.3306690738754696e-16,0.0,3.3306690738754696e-16
2023-01-20,67,UFBB,3.3306690738754696e-16,0.0,3.3306690738754696e-16
2023-01-20,68,UFBB,3.3306690738754696e-16,0.0,3.3306690738754696e-16
2023-01-20,69,MUEL,14.25,14.25,0.0
2023-01-20,69,UFBG,-11.25,-11.25,0.0
2023-01-20,70,MUEL,14.25,14.25,0.0
2023-01-20,70,UFBG,-11.25,-11.25,0.0
2023-01-20,71,MUEL,14.25,14.25,0.0
2023-01-20,71,UFBG,-11.25,-11.25,0.0
2023-01-20,72,MUEL,14.25,14.25,0.0
2023-01-20,72,UFBG,-11.25,-11.25,0.0
2023-01-20,81,AGUG,-0.42500000000000004,-0.425,5.551115123125783e-17
2023-01-20,82,AGUG,-0.42500000000000004,-0.425,5.551115123125783e-17
2023-01-20,83,AGUG,-0.42500000000000004,-0.425,5.551115123125783e-17
2023-01-20,84,AGUG,-0.42500000000000004,-0.425,5.551115123125783e-17
2023-01-20,85,AGUG,-14.25,-14.25,0.0
2023-01-20,86,AGUG,-14.25,-14.25,0.0
2023-01-20,87,AGUG,-14.25,-14.25,0.0
2023-01-20,88,AGUG,-14.25,-14.25,0.0
2023-01-20,93,UFBB,-11.8,-11.8,0.0
2023-01-20,94,UFBB,-11.8,-11.8,0.0
2023-01-20,95,UFBB,-11.8,-11.8,0.0
2023-01-20,96,UFBB,-11.8,-11.8,0.0
2023-01-21,1,UFBB,-0.625,-0.625,0.0
2023-01-21,2,UFBB,-0.625,-0.625,0.0
2023-01-21,3,UFBB,-0.625,-0.625,0.0
2023-01-21,4,UFBB,-0.625,-0.625,0.0
2023-01-21,5,UFBB,-13.95,-13.95,0.0
2023-01-21,6,UFBB,-13.95,-13.95,0.0
2023-01-21,7,UFBB,-13.95,-13.95,0.0
2023-01-21,8,UFBB,-13.95,-13.95,0.0
2023-01-21,9,MUEL,1.15,1.15,0.0
2023-01-21,9,UFBB,-13.0,-13.0,0.0
2023-01-21,10,MUEL,1.15,1.15,0.0
2023-01-21,10,UFBB,-13.0,-13.0,0.0
2023-01-21,11,MUEL,1.15,1.15,0.0
2023-01-21,11,UFBB,-13.0,-13.0,0.0
2023-01-21,12,MUEL,1.15,1.15,0.0
2023-01-21,12,UFBB,-13.0,-13.0,0.0
2023-01-21,41,MUEB,49.225,49.225,0.0
2023-01-21,42,MUEB,49.225,49.225,0.0
2023-01-21,43,MUEB,49.225,49.225,0.0
2023-01-21,44,MUEB,49.225,49.225,0.0
2023-01-21,45,MUEB,50.975,50.975,0.0
2023-01-21,45,UFBB,-7.325,-7.325,0.0
2023-01-21,46,MUEB,50.975,50.975,0.0
2023-01-21,46,UFBB,-7.325,-7.325,0.0
2023-01-21,47,MUEB,50.975,50.975,0.0
2023-01-21,47,UFBB,-7.325,-7.325,0.0
2023-01-21,48,MUEB,50.975,50.975,0.0
2023-01-21,48,UFBB,-7.325,-7.325,0.0
2023-01-21,49,MUEB,50.0,49.99999999999999,7.105427357601002e-15
2023-01-21,49,UFBB,-19.325,-19.325,0.0
2023-01-21,50,MUEB,50.0,49.99999999999999,7.105427357601002e-15
2023-01-21,50,UFBB,-19.325,-19.325,0.0
2023-01-21,51,MUEB,50.0,49.99999999999999,7.105427357601002e-15
2023-01-21,51,UFBB,-19.325,-19.325,0.0
2023-01-21,52,MUEB,50.0,49.99999999999999,7.105427357601002e-15
2023-01-21,52,UFBB,-19.325,-19.325,0.0
2023-01-21,53,MUEB,50.525,50.525,0.0
2023-01-21,53,UFBB,-39.0,-39.0,0.0
2023-01-21,54,MUEB,50.525,50.525,0.0
2023-01-21,54,UFBB,-39.0,-39.0,0.0
2023-01-21,55,MUEB,50.525,50.525,0.0
2023-01-21,55,UFBB,-39.0,-39.0,0.0
2023-01-21,56,MUEB,50.525,50.525,0.0
2023-01-21,56,UFBB,-39.0,-39.0,0.0
2023-01-21,57,AGUB,9.8,9.8,0.0
2023-01-21,57,IPB,-0.925,-0.925,0.0
2023-01-21,57,MUEB,79.22500000000001,79.225,1.4210854715202004e-14
2023-01-21,57,UFBB,-26.0,-26.0,0.0
2023-01-21,58,AGUB,9.8,9.8,0.0
2023-01-21,58,IPB,-0.925,-0.925,0.0
2023-01-21,58,MUEB,79.22500000000001,79.225,1.4210854715202004e-14
2023-01-21,58,UFBB,-26.0,-26.0,0.0
2023-01-21,59,AGUB,9.8,9.8,0.0
2023-01-21,59,IPB,-0.925,-0.925,0.0
2023-01-21,59,MUEB,79.22500000000001,79.225,1.4210854715202004e-14
2023-01-21,59,UFBB,-26.0,-26.0,0.0
2023-01-21,60,AGUB,9.8,9.8,0.0
2023-01-21,60,IPB,-0.925,-0.925,0.0
2023-01-21,60,MUEB,79.22500000000001,79.225,1.4210854715202004e-14
2023-01-21,60,UFBB,-26.0,-26.0,0.0
2023-01-21,61,MUEB,170.175,170.17499999999998,2.842170943040401e-14
2023-01-21,61,UFBB,13.0,13.0,0.0
2023-01-21,62,MUEB,170.175,170.17499999999998,2.842170943040401e-14
2023-01-21,62,UFBB,13.0,13.0,0.0
2023-01-21,63,MUEB,170.175,170.17499999999998,2.842170943040401e-14
2023-01-21,63,UFBB,13.0,13.0,0.0
2023-01-21,64,MUEB,170.175,170.17499999999998,2.842170943040401e-14
2023-01-21,64,UFBB,13.0,13.0,0.0
2023-01-21,65,MUEB,171.725,171.725,0.0
2023-01-21,65,UFBB,8.881784197001252e-16,0.0,8.881784197001252e-16
2023-01-21,66,MUEB,171.725,171.725,0.0
2023-01-21,66,UFBB,8.881784197001252e-16,0.0,8.881784197001252e-16
2023-01-21,67,MUEB,171.725,171.725,0.0
2023-01-21,67,UFBB,8.881784197001252e-16,0.0,8.881784197001252e-16
2023-01-21,68,MUEB,171.725,171.725,0.0
2023-01-21,68,UFBB,8.881784197001252e-16,0.0,8.881784197001252e-16
2023-01-21,69,MUEB,71.0,71.0,0.0
2023-01-21,69,SLTG,-75.0,-75.0,0.0
2023-01-21,69,UFBB,0.0,0.0,0.0
2023-01-21,70,MUEB,71.0,71.0,0.0
2023-01-21,70,SLTG,-75.0,-75.0,0.0
2023-01-21,70,UFBB,0.0,0.0,0.0
2023-01-21,71,MUEB,71.0,71.0,0.0
2023-01-21,71,SLTG,-75.0,-75.0,0.0
2023-01-21,71,UFBB,0.0,0.0,0.0
2023-01-21,72,MUEB,71.0,71.0,0.0
2023-01-21,72,SLTG,-75.0,-75.0,0.0
2023-01-21,72,UFBB,0.0,0.0,0.0
2023-01-21,73,UFBG,22.5,22.5,0.0
2023-01-21,74,UFBG,22.5,22.5,0.0
2023-01-21,75,UFBG,22.5,22.5,0.0
2023-01-21,76,UFBG,22.5,22.5,0.0
2023-01-21,77,UFBG,19.5,19.5,0.0
2023-01-21,78,UFBG,19.5,19.5,0.0
2023-01-21,79,UFBG,19.5,19.5,0.0
2023-01-21,80,UFBG,19.5,19.5,0.0
2023-01-21,81,UFBG,8.25,8.25,0.0
2023-01-21,82,UFBG,8.25,8.25,0.0
2023-01-21,83,UFBG,8.25,8.25,0.0
2023-01-21,84,UFBG,8.25,8.25,0.0
2023-01-21,85,UFBG,19.5,19.5,0.0
2023-01-21,86,UFBG,19.5,19.5,0.0
2023-01-21,87,UFBG,19.5,19.5,0.0
2023-01-21,88,UFBG,19.5,19.5,0.0
2023-01-21,89,UFBG,11.3,11.3,0.0
2023-01-21,90,UFBG,11.3,11.3,0.0
2023-01-21,91,UFBG,11.3,11.3,0.0
2023-01-21,92,UFBG,11.3,11.3,0.0
2023-01-21,93,MUEB,52.175,52.175000000000004,7.105427357601002e-15
2023-01-21,93,SLTG,-75.0,-75.0,0.0
2023-01-21,93,TJEG,52.5,52.5,0.0
2023-01-21,94,MUEB,52.175,52.175000000000004,7.105427357601002e-15
2023-01-21,94,SLTG,-75.0,-75.0,0.0
2023-01-21,94,TJEG,52.5,52.5,0.0
2023-01-21,95,MUEB,52.175,52.175000000000004,7.105427357601002e-15
2023-01-21,95,SLTG,-75.0,-75.0,0.0
2023-01-21,95,TJEG,52.5,52.5,0.0
2023-01-21,96,MUEB,52.175,52.175000000000004,7.105427357601002e-15
2023-01-21,96,SLTG,-75.0,-75.0,0.0
2023-01-21,96,TJEG,52.5,52.5,0.0
2023-01-22,5,UFBB,12.475,12.475,0.0
2023-01-22,6,UFBB,12.475,12.475,0.0
2023-01-22,7,UFBB,12.475,12.475,0.0
2023-01-22,8,UFBB,12.475,12.475,0.0
2023-01-22,9,UFBB,3.025,3.025,0.0
2023-01-22,10,UFBB,3.025,3.025,0.0
2023-01-22,11,UFBB,3.025,3.025,0.0
2023-01-22,12,UFBB,3.025,3.025,0.0
2023-01-22,13,UFBB,13.0,13.0,0.0
2023-01-22,14,UFBB,13.0,13.0,0.0
2023-01-22,15,UFBB,13.0,13.0,0.0
2023-01-22,16,UFBB,13.0,13.0,0.0
2023-01-22,17,UFBB,24.2,24.2,0.0
2023-01-22,18,UFBB,24.2,24.2,0.0
2023-01-22,19,UFBB,24.2,24.2,0.0
2023-01-22,20,UFBB,24.2,24.2,0.0
2023-01-22,21,UFBB,26.0,26.0,0.0
2023-01-22,22,UFBB,26.0,26.0,0.0
2023-01-22,23,UFBB,26.0,26.0,0.0
2023-01-22,24,UFBB,26.0,26.0,0.0
2023-01-22,25,UFBB,26.0,26.0,0.0
2023-01-22,26,UFBB,26.0,26.0,0.0
2023-01-22,27,UFBB,26.0,26.0,0.0
2023-01-22,28,UFBB,26.0,26.0,0.0
2023-01-22,65,SLTG,-25.0,-25.0,0.0
2023-01-22,66,SLTG,-25.0,-25.0,0.0
2023-01-22,67,SLTG,-25.0,-25.0,0.0
2023-01-22,68,SLTG,-25.0,-25.0,0.0
2023-01-22,69,MUEB,26.825,26.825000000000003,3.552713678800501e-15
2023-01-22,69,SLTG,-50.0,-50.0,0.0
2023-01-22,70,MUEB,26.825,26.825000000000003,3.552713678800501e-15
2023-01-22,70,SLTG,-50.0,-50.0,0.0
2023-01-22,71,MUEB,26.825,26.825000000000003,3.552713678800501e-15
2023-01-22,71,SLTG,-50.0,-50.0,0.0
2023-01-22,72,MUEB,26.825,26.825000000000003,3.552713678800501e-15
2023-01-22,72,SLTG,-50.0,-50.0,0.0
2023-01-22,73,SLTG,-50.0,-50.0,0.0
2023-01-22,74,SLTG,-50.0,-50.0,0.0
2023-01-22,75,SLTG,-50.0,-50.0,0.0
2023-01-22,76,SLTG,-50.0,-50.0,0.0
2023-01-22,77,MUEL,66.25,66.25,0.0
2023-01-22,77,SLTG,-50.0,-50.0,0.0
2023-01-22,78,MUEL,66.25,66.25,0.0
2023-01-22,78,SLTG,-50.0,-50.0,0.0
2023-01-22,79,MUEL,66.25,66.25,0.0
2023-01-22,79,SLTG,-50.0,-50.0,0.0
2023-01-22,80,MUEL,66.25,66.25,0.0
2023-01-22,80,SLTG,-50.0,-50.0,0.0
2023-01-22,81,MUEL,45.0,45.0,0.0
2023-01-22,81,SLTG,-50.0,-50.0,0.0
2023-01-22,82,MUEL,45.0,45.0,0.0
2023-01-22,82,SLTG,-50.0,-50.0,0.0
2023-01-22,83,MUEL,45.0,45.0,0.0
2023-01-22,83,SLTG,-50.0,-50.0,0.0
2023-01-22,84,MUEL,45.0,45.0,0.0
2023-01-22,84,SLTG,-50.0,-50.0,0.0
2023-01-22,85,SLTG,-50.0,-50.0,0.0
2023-01-22,86,SLTG,-50.0,-50.0,0.0
2023-01-22,87,SLTG,-50.0,-50.0,0.0
2023-01-22,88,SLTG,-50.0,-50.0,0.0
2023-01-22,89,SLTG,-50.0,-50.0,0.0
2023-01-22,90,SLTG,-50.0,-50.0,0.0
2023-01-22,91,SLTG,-50.0,-50.0,0.0
2023-01-22,92,SLTG,-50.0,-50.0,0.0
2023-01-23,1,UFBB,-3.225,-3.225,0.0
2023-01-23,2,UFBB,-3.225,-3.225,0.0
2023-01-23,3,UFBB,-3.225,-3.225,0.0
2023-01-23,4,UFBB,-3.225,-3.225,0.0
2023-01-23,5,UFBB,-3.95,-3.95,0.0
2023-01-23,6,UFBB,-3.95,-3.95,0.0
2023-01-23,7,UFBB,-3.95,-3.95,0.0
2023-01-23,8,UFBB,-3.95,-3.95,0.0
2023-01-23,9,UFBB,-7.175000000000001,-7.175,8.881784197001252e-16
2023-01-23,10,UFBB,-7.175000000000001,-7.175,8.881784197001252e-16
2023-01-23,11,UFBB,-7.175000000000001,-7.175,8.881784197001252e-16
2023-01-23,12,UFBB,-7.175000000000001,-7.175,8.881784197001252e-16
2023-01-23,13,UFBB,-7.95,-7.95,0.0
2023-01-23,14,UFBB,-7.95,-7.95,0.0
2023-01-23,15,UFBB,-7.95,-7.95,0.0
2023-01-23,16,UFBB,-7.95,-7.95,0.0
2023-01-23,29,MUEB,8.45,8.45,0.0
2023-01-23,30,MUEB,8.45,8.45,0.0
2023-01-23,31,MUEB,8.45,8.45,0.0
2023-01-23,32,MUEB,8.45,8.45,0.0
2023-01-23,37,MUEL,27.1,27.1,0.0
2023-01-23,38,MUEL,27.1,27.1,0.0
2023-01-23,39,MUEL,27.1,27.1,0.0
2023-01-23,40,MUEL,27.1,27.1,0.0
2023-01-23,41,UFBG,2.175,2.175,0.0
2023-01-23,42,UFBG,2.175,2.175,0.0
2023-01-23,43,UFBG,2.175,2.175,0.0
2023-01-23,44,UFBG,2.175,2.175,0.0
2023-01-23,45,UFBB,-8.25,-8.25,0.0
2023-01-23,46,UFBB,-8.25,-8.25,0.0
2023-01-23,47,UFBB,-8.25,-8.25,0.0
2023-01-23,48,UFBB,-8.25,-8.25,0.0
2023-01-23,53,AGUB,11.575,11.575,0.0
2023-01-23,54,AGUB,11.575,11.575,0.0
2023-01-23,55,AGUB,11.575,11.575,0.0
2023-01-23,56,AGUB,11.575,11.575,0.0
2023-01-23,57,AGUB,4.7,4.7,0.0
2023-01-23,58,AGUB,4.7,4.7,0.0
2023-01-23,59,AGUB,4.7,4.7,0.0
2023-01-23,60,AGUB,4.7,4.7,0.0
2023-01-23,73,MUEL,41.9,41.9,0.0
2023-01-23,74,MUEL,41.9,41.9,0.0
2023-01-23,75,MUEL,41.9,41.9,0.0
2023-01-23,76,MUEL,41.9,41.9,0.0
2023-01-23,81,SLTG,-25.0,-25.0,0.0
2023-01-23,82,SLTG,-25.0,-25.0,0.0
2023-01-23,83,SLTG,-25.0,-25.0,0.0
2023-01-23,84,SLTG,-25.0,-25.0,0.0
2023-01-23,85,SLTG,-25.0,-25.0,0.0
2023-01-23,86,SLTG,-25.0,-25.0,0.0
2023-01-23,87,SLTG,-25.0,-25.0,0.0
2023-01-23,88,SLTG,-25.0,-25.0,0.0
2023-01-23,93,UFBB,-6.4,-6.4,0.0
2023-01-23,93,UFBG,-21.1,-21.1,0.0
2023-01-23,94,UFBB,-6.4,-6.4,0.0
2023-01-23,94,UFBG,-21.1,-21.1,0.0
2023-01-23,95,UFBB,-6.4,-6.4,0.0
2023-01-23,95,UFBG,-21.1,-21.1,0.0
2023-01-23,96,UFBB,-6.4,-6.4,0.0
2023-01-23,96,UFBG,-21.1,-21.1,0.0
2023-01-24,5,UFBB,-0.125,-0.125,0.0
2023-01-24,6,UFBB,-0.125,-0.125,0.0
2023-01-24,7,UFBB,-0.125,-0.125,0.0
2023-01-24,8,UFBB,-0.125,-0.125,0.0
2023-01-24,9,IPB,-10.275,-10.275,0.0
2023-01-24,10,IPB,-10.275,-10.275,0.0
2023-01-24,11,IPB,-10.275,-10.275,0.0
2023-01-24,12,IPB,-10.275,-10.275,0.0
2023-01-24,13,UFBB,-9.05,-9.05,0.0
2023-01-24,14,UFBB,-9.05,-9.05,0.0
2023-01-24,15,UFBB,-9.05,-9.05,0.0
2023-01-24,16,UFBB,-9.05,-9.05,0.0
2023-01-24,17,MUEB,7.425,7.425,0.0
2023-01-24,18,MUEB,7.425,7.425,0.0
2023-01-24,19,MUEB,7.425,7.425,0.0
2023-01-24,20,MUEB,7.425,7.425,0.0
2023-01-24,21,MUEB,7.0,7.0,0.0
2023-01-24,22,MUEB,7.0,7.0,0.0
2023-01-24,23,MUEB,7.0,7.0,0.0
2023-01-24,24,MUEB,7.0,7.0,0.0
2023-01-24,25,UFBB,-39.0,-39.0,0.0
2023-01-24,26,UFBB,-39.0,-39.0,0.0
2023-01-24,27,UFBB,-39.0,-39.0,0.0
2023-01-24,28,UFBB,-39.0,-39.0,0.0
2023-01-24,29,UFBG,11.025,11.025,0.0
2023-01-24,30,UFBG,11.025,11.025,0.0
2023-01-24,31,UFBG,11.025,11.025,0.0
2023-01-24,32,UFBG,11.025,11.025,0.0
2023-01-24,33,UFBG,11.3,11.3,0.0
2023-01-24,34,UFBG,11.3,11.3,0.0
2023-01-24,35,UFBG,11.3,11.3,0.0
2023-01-24,36,UFBG,11.3,11.3,0.0
2023-01-24,37,UFBG,13.475,13.475,0.0
2023-01-24,38,UFBG,13.475,13.475,0.0
2023-01-24,39,UFBG,13.475,13.475,0.0
2023-01-24,40,UFBG,13.475,13.475,0.0
2023-01-24,41,UFBG,13.825,13.825,0.0
2023-01-24,42,UFBG,13.825,13.825,0.0
2023-01-24,43,UFBG,13.825,13.825,0.0
2023-01-24,44,UFBG,13.825,13.825,0.0
2023-01-24,45,UFBB,-26.175,-26.175,0.0
2023-01-24,45,UFBG,2.625,2.625,0.0
2023-01-24,46,UFBB,-26.175,-26.175,0.0
2023-01-24,46,UFBG,2.625,2.625,0.0
2023-01-24,47,UFBB,-26.175,-26.175,0.0
2023-01-24,47,UFBG,2.625,2.625,0.0
2023-01-24,48,UFBB,-26.175,-26.175,0.0
2023-01-24,48,UFBG,2.625,2.625,0.0
2023-01-24,49,UFBG,11.25,11.25,0.0
2023-01-24,50,UFBG,11.25,11.25,0.0
2023-01-24,51,UFBG,11.25,11.25,0.0
2023-01-24,52,UFBG,11.25,11.25,0.0
2023-01-24,53,MUEL,56.675,56.675,0.0
2023-01-24,54,MUEL,56.675,56.675,0.0
2023-01-24,55,MUEL,56.675,56.675,0.0
2023-01-24,56,MUEL,56.675,56.675,0.0
2023-01-24,57,MUEL,7.5,7.5,0.0
2023-01-24,58,MUEL,7.5,7.5,0.0
2023-01-24,59,MUEL,7.5,7.5,0.0
2023-01-24,60,MUEL,7.5,7.5,0.0
2023-01-24,61,UFBB,-39.0,-39.0,0.0
2023-01-24,62,UFBB,-39.0,-39.0,0.0
2023-01-24,63,UFBB,-39.0,-39.0,0.0
2023-01-24,64,UFBB,-39.0,-39.0,0.0
2023-01-24,65,UFBB,-39.0,-39.0,0.0
2023-01-24,66,UFBB,-39.0,-39.0,0.0
2023-01-24,67,UFBB,-39.0,-39.0,0.0
2023-01-24,68,UFBB,-39.0,-39.0,0.0
2023-01-24,69,MUEL,8.525,8.525,0.0
2023-01-24,69,TJEG,-17.5,-17.5,0.0
2023-01-24,69,UFBB,-39.0,-39.0,0.0
2023-01-24,69,UFBG,0.55,0.55,0.0
2023-01-24,70,MUEL,8.525,8.525,0.0
2023-01-24,70,TJEG,-17.5,-17.5,0.0
2023-01-24,70,UFBB,-39.0,-39.0,0.0
2023-01-24,70,UFBG,0.55,0.55,0.0
2023-01-24,71,MUEL,8.525,8.525,0.0
2023-01-24,71,TJEG,-17.5,-17.5,0.0
2023-01-24,71,UFBB,-39.0,-39.0,0.0
2023-01-24,71,UFBG,0.55,0.55,0.0
2023-01-24,72,MUEL,8.525,8.525,0.0
2023-01-24,72,TJEG,-17.5,-17.5,0.0
2023-01-24,72,UFBB,-39.0,-39.0,0.0
2023-01-24,72,UFBG,0.55,0.55,0.0
2023-01-24,73,AGUG,11.25,11.25,0.0
2023-01-24,73,TJEG,-17.5,-17.5,0.0
2023-01-24,73,UFBG,8.25,8.25,0.0
2023-01-24,74,AGUG,11.25,11.25,0.0
2023-01-24,74,TJEG,-17.5,-17.5,0.0
2023-01-24,74,UFBG,8.25,8.25,0.0
2023-01-24,75,AGUG,11.25,11.25,0.0
2023-01-24,75,TJEG,-17.5,-17.5,0.0
2023-01-24,75,UFBG,8.25,8.25,0.0
2023-01-24,76,AGUG,11.25,11.25,0.0
2023-01-24,76,TJEG,-17.5,-17.5,0.0
2023-01-24,76,UFBG,8.25,8.25,0.0
2023-01-24,77,TJEG,-17.5,-17.5,0.0
2023-01-24,77,UFBG,2.220446049250313e-16,0.0,2.220446049250313e-16
2023-01-24,78,TJEG,-17.5,-17.5,0.0
2023-01-24,78,UFBG,2.220446049250313e-16,0.0,2.220446049250313e-16
2023-01-24,79,TJEG,-17.5,-17.5,0.0
2023-01-24,79,UFBG,2.220446049250313e-16,0.0,2.220446049250313e-16
2023-01-24,80,TJEG,-17.5,-17.5,0.0
2023-01-24,80,UFBG,2.220446049250313e-16,0.0,2.220446049250313e-16
2023-01-24,85,UFBG,8.25,8.25,0.0
2023-01-24,86,UFBG,8.25,8.25,0.0
2023-01-24,87,UFBG,8.25,8.25,0.0
2023-01-24,88,UFBG,8.25,8.25,0.0
2023-01-24,93,UFBB,-4.0,-4.0,0.0
2023-01-24,94,UFBB,-4.0,-4.0,0.0
2023-01-24,95,UFBB,-4.0,-4.0,0.0
2023-01-24,96,UFBB,-4.0,-4.0,0.0
2023-01-25,1,UFBG,8.275,8.275,0.0
2023-01-25,2,UFBG,8.275,8.275,0.0
2023-01-25,3,UFBG,8.275,8.275,0.0
2023-01-25,4,UFBG,8.275,8.275,0.0
2023-01-25,5,UFBG,1.25,1.25,0.0
2023-01-25,6,UFBG,1.25,1.25,0.0
2023-01-25,7,UFBG,1.25,1.25,0.0
2023-01-25,8,UFBG,1.25,1.25,0.0
2023-01-25,9,AGUB,10.075,10.075,0.0
2023-01-25,10,AGUB,10.075,10.075,0.0
2023-01-25,11,AGUB,10.075,10.075,0.0
2023-01-25,12,AGUB,10.075,10.075,0.0
2023-01-25,13,AGUB,21.0,21.0,0.0
2023-01-25,14,AGUB,21.0,21.0,0.0
2023-01-25,15,AGUB,21.0,21.0,0.0
2023-01-25,16,AGUB,21.0,21.0,0.0
2023-01-25,33,UFBG,8.25,8.25,0.0
2023-01-25,34,UFBG,8.25,8.25,0.0
2023-01-25,35,UFBG,8.25,8.25,0.0
2023-01-25,36,UFBG,8.25,8.25,0.0
2023-01-25,41,UFBG,-3.0,-3.0,0.0
2023-01-25,42,UFBG,-3.0,-3.0,0.0
2023-01-25,43,UFBG,-3.0,-3.0,0.0
2023-01-25,44,UFBG,-3.0,-3.0,0.0
2023-01-25,45,MUEB,-5.475,-5.475,0.0
2023-01-25,46,MUEB,-5.475,-5.475,0.0
2023-01-25,47,MUEB,-5.475,-5.475,0.0
2023-01-25,48,MUEB,-5.475,-5.475,0.0
2023-01-25,61,MUEB,-33.55,-33.55,0.0
2023-01-25,62,MUEB,-33.55,-33.55,0.0
2023-01-25,63,MUEB,-33.55,-33.55,0.0
2023-01-25,64,MUEB,-33.55,-33.55,0.0
2023-01-25,65,MUEB,-18.575,-18.575,0.0
2023-01-25,66,MUEB,-18.575,-18.575,0.0
2023-01-25,67,MUEB,-18.575,-18.575,0.0
2023-01-25,68,MUEB,-18.575,-18.575,0.0
2023-01-25,69,MUEB,-1.25,-1.25,0.0
2023-01-25,70,MUEB,-1.25,-1.25,0.0
2023-01-25,71,MUEB,-1.25,-1.25,0.0
2023-01-25,72,MUEB,-1.25,-1.25,0.0
2023-01-25,77,MUEL,0.2,0.2,0.0
2023-01-25,78,MUEL,0.2,0.2,0.0
2023-01-25,79,MUEL,0.2,0.2,0.0
2023-01-25,80,MUEL,0.2,0.2,0.0
2023-01-25,93,MUEB,21.975,21.974999999999998,3.552713678800501e-15
2023-01-25,94,MUEB,21.975,21.974999999999998,3.552713678800501e-15
2023-01-25,95,MUEB,21.975,21.974999999999998,3.552713678800501e-15
2023-01-25,96,MUEB,21.975,21.974999999999998,3.552713678800501e-15
2023-01-26,5,MUEB,17.25,17.25,0.0
2023-01-26,6,MUEB,17.25,17.25,0.0
2023-01-26,7,MUEB,17.25,17.25,0.0
2023-01-26,8,MUEB,17.25,17.25,0.0
2023-01-26,29,MUEL,42.5,42.5,0.0
2023-01-26,30,MUEL,42.5,42.5,0.0
2023-01-26,31,MUEL,42.5,42.5,0.0
2023-01-26,32,MUEL,42.5,42.5,0.0
2023-01-26,33,MUEL,20.65,20.65,0.0
2023-01-26,34,MUEL,20.65,20.65,0.0
2023-01-26,35,MUEL,20.65,20.65,0.0
2023-01-26,36,MUEL,20.65,20.65,0.0
2023-01-26,37,MUEL,22.475,22.475,0.0
2023-01-26,38,MUEL,22.475,22.475,0.0
2023-01-26,39,MUEL,22.475,22.475,0.0
2023-01-26,40,MUEL,22.475,22.475,0.0
2023-01-26,41,MUEL,2.675,2.675,0.0
2023-01-26,42,MUEL,2.675,2.675,0.0
2023-01-26,43,MUEL,2.675,2.675,0.0
2023-01-26,44,MUEL,2.675,2.675,0.0
2023-01-26,45,AGUB,-0.75,-0.75,0.0
2023-01-26,45,MUEB,153.75,153.75,0.0
2023-01-26,46,AGUB,-0.75,-0.75,0.0
2023-01-26,46,MUEB,153.75,153.75,0.0
2023-01-26,47,AGUB,-0.75,-0.75,0.0
2023-01-26,47,MUEB,153.75,153.75,0.0
2023-01-26,48,AGUB,-0.75,-0.75,0.0
2023-01-26,48,MUEB,153.75,153.75,0.0
2023-01-26,49,AGUB,-22.875,-22.875,0.0
2023-01-26,49,MUEB,102.5,102.5,0.0
2023-01-26,50,AGUB,-22.875,-22.875,0.0
2023-01-26,50,MUEB,102.5,102.5,0.0
2023-01-26,51,AGUB,-22.875,-22.875,0.0
2023-01-26,51,MUEB,102.5,102.5,0.0
2023-01-26,52,AGUB,-22.875,-22.875,0.0
2023-01-26,52,MUEB,102.5,102.5,0.0
2023-01-26,53,AGUB,-22.0,-22.0,0.0
2023-01-26,54,AGUB,-22.0,-22.0,0.0
2023-01-26,55,AGUB,-22.0,-22.0,0.0
2023-01-26,56,AGUB,-22.0,-22.0,0.0
2023-01-26,57,AGUB,-22.0,-22.0,0.0
2023-01-26,58,AGUB,-22.0,-22.0,0.0
2023-01-26,59,AGUB,-22.0,-22.0,0.0
2023-01-26,60,AGUB,-22.0,-22.0,0.0
2023-01-26,61,AGUB,-22.0,-22.0,0.0
2023-01-26,61,MUEB,77.5,77.5,0.0
2023-01-26,61,UFBB,-13.0,-13.0,0.0
2023-01-26,61,UFBG,0.0,0.0,0.0
2023-01-26,62,AGUB,-22.0,-22.0,0.0
2023-01-26,62,MUEB,77.5,77.5,0.0
2023-01-26,62,UFBB,-13.0,-13.0,0.0
2023-01-26,62,UFBG,0.0,0.0,0.0
2023-01-26,63,AGUB,-22.0,-22.0,0.0
2023-01-26,63,MUEB,77.5,77.5,0.0
2023-01-26,63,UFBB,-13.0,-13.0,0.0
2023-01-26,63,UFBG,0.0,0.0,0.0
2023-01-26,64,AGUB,-22.0,-22.0,0.0
2023-01-26,64,MUEB,77.5,77.5,0.0
2023-01-26,64,UFBB,-13.0,-13.0,0.0
2023-01-26,64,UFBG,0.0,0.0,0.0
2023-01-26,65,MUEB,75.225,75.225,0.0
2023-01-26,65,UFBB,-7.5,-7.5,0.0
2023-01-26,66,MUEB,75.225,75.225,0.0
2023-01-26,66,UFBB,-7.5,-7.5,0.0
2023-01-26,67,MUEB,75.225,75.225,0.0
2023-01-26,67,UFBB,-7.5,-7.5,0.0
2023-01-26,68,MUEB,75.225,75.225,0.0
2023-01-26,68,UFBB,-7.5,-7.5,0.0
2023-01-26,69,MUEB,-53.775,-53.775,0.0
2023-01-26,69,MUEL,4.5,4.5,0.0
2023-01-26,70,MUEB,-53.775,-53.775,0.0
2023-01-26,70,MUEL,4.5,4.5,0.0
2023-01-26,71,MUEB,-53.775,-53.775,0.0
2023-01-26,71,MUEL,4.5,4.5,0.0
2023-01-26,72,MUEB,-53.775,-53.775,0.0
2023-01-26,72,MUEL,4.5,4.5,0.0
2023-01-26,73,AGUG,-12.5,-12.5,0.0
2023-01-26,73,MUEB,-16.775,-16.775,0.0
2023-01-26,73,MUEL,19.625,19.625,0.0
2023-01-26,73,UFBB,-10.0,-10.0,0.0
2023-01-26,74,AGUG,-12.5,-12.5,0.0
2023-01-26,74,MUEB,-16.775,-16.775,0.0
2023-01-26,74,MUEL,19.625,19.625,0.0
2023-01-26,74,UFBB,-10.0,-10.0,0.0
2023-01-26,75,AGUG,-12.5,-12.5,0.0
2023-01-26,75,MUEB,-16.775,-16.775,0.0
2023-01-26,75,MUEL,19.625,19.625,0.0
2023-01-26,75,UFBB,-10.0,-10.0,0.0
2023-01-26,76,AGUG,-12.5,-12.5,0.0
2023-01-26,76,MUEB,-16.775,-16.775,0.0
2023-01-26,76,MUEL,19.625,19.625,0.0
2023-01-26,76,UFBB,-10.0,-10.0,0.0
2023-01-26,77,MUEL,20.825,20.825000000000003,3.552713678800501e-15
2023-01-26,78,MUEL,20.825,20.825000000000003,3.552713678800501e-15
2023-01-26,79,MUEL,20.825,20.825000000000003,3.552713678800501e-15
2023-01-26,80,MUEL,20.825,20.825000000000003,3.552713678800501e-15
2023-01-26,81,MUEL,12.85,12.85,0.0
2023-01-26,82,MUEL,12.85,12.85,0.0
2023-01-26,83,MUEL,12.85,12.85,0.0
2023-01-26,84,MUEL,12.85,12.85,0.0
2023-01-26,85,MUEL,28.599999999999998,28.6,3.552713678800501e-15
2023-01-26,86,MUEL,28.599999999999998,28.6,3.552713678800501e-15
2023-01-26,87,MUEL,28.599999999999998,28.6,3.552713678800501e-15
2023-01-26,88,MUEL,28.599999999999998,28.6,3.552713678800501e-15
2023-01-26,93,AGUB,63.3,63.3,0.0
2023-01-26,93,AGUG,11.25,11.25,0.0
2023-01-26,93,MUEB,51.25,51.25,0.0
2023-01-26,94,AGUB,63.3,63.3,0.0
2023-01-26,94,AGUG,11.25,11.25,0.0
2023-01-26,94,MUEB,51.25,51.25,0.0
2023-01-26,95,AGUB,63.3,63.3,0.0
2023-01-26,95,AGUG,11.25,11.25,0.0
2023-01-26,95,MUEB,51.25,51.25,0.0
2023-01-26,96,AGUB,63.3,63.3,0.0
2023-01-26,96,AGUG,11.25,11.25,0.0
2023-01-26,96,MUEB,51.25,51.25,0.0
2023-01-27,1,UFBB,-5.675,-5.675,0.0
2023-01-27,2,UFBB,-5.675,-5.675,0.0
2023-01-27,3,UFBB,-5.675,-5.675,0.0
2023-01-27,4,UFBB,-5.675,-5.675,0.0
2023-01-27,17,UFBB,-12.45,-12.45,0.0
2023-01-27,18,UFBB,-12.45,-12.45,0.0
2023-01-27,19,UFBB,-12.45,-12.45,0.0
2023-01-27,20,UFBB,-12.45,-12.45,0.0
2023-01-27,21,UFBB,-3.45,-3.45,0.0
2023-01-27,22,UFBB,-3.45,-3.45,0.0
2023-01-27,23,UFBB,-3.45,-3.45,0.0
2023-01-27,24,UFBB,-3.45,-3.45,0.0
2023-01-27,25,UFBB,-37.625,-37.625,0.0
2023-01-27,26,UFBB,-37.625,-37.625,0.0
2023-01-27,27,UFBB,-37.625,-37.625,0.0
2023-01-27,28,UFBB,-37.625,-37.625,0.0
2023-01-27,41,UFBB,-10.8,-10.8,0.0
2023-01-27,42,UFBB,-10.8,-10.8,0.0
2023-01-27,43,UFBB,-10.8,-10.8,0.0
2023-01-27,44,UFBB,-10.8,-10.8,0.0
2023-01-27,45,UFBB,-20.125,-20.125,0.0
2023-01-27,46,UFBB,-20.125,-20.125,0.0
2023-01-27,47,UFBB,-20.125,-20.125,0.0
2023-01-27,48,UFBB,-20.125,-20.125,0.0
2023-01-27,49,UFBB,-5.45,-5.45,0.0
2023-01-27,50,UFBB,-5.45,-5.45,0.0
2023-01-27,51,UFBB,-5.45,-5.45,0.0
2023-01-27,52,UFBB,-5.45,-5.45,0.0
2023-01-27,57,IPB,8.25,8.25,0.0
2023-01-27,58,IPB,8.25,8.25,0.0
2023-01-27,59,IPB,8.25,8.25,0.0
2023-01-27,60,IPB,8.25,8.25,0.0
2023-01-27,61,IPB,8.25,8.25,0.0
2023-01-27,61,UFBB,-13.0,-13.0,0.0
2023-01-27,62,IPB,8.25,8.25,0.0
2023-01-27,62,UFBB,-13.0,-13.0,0.0
2023-01-27,63,IPB,8.25,8.25,0.0
2023-01-27,63,UFBB,-13.0,-13.0,0.0
2023-01-27,64,IPB,8.25,8.25,0.0
2023-01-27,64,UFBB,-13.0,-13.0,0.0
2023-01-27,65,UFBB,-13.0,-13.0,0.0
2023-01-27,66,UFBB,-13.0,-13.0,0.0
2023-01-27,67,UFBB,-13.0,-13.0,0.0
2023-01-27,68,UFBB,-13.0,-13.0,0.0
2023-01-27,69,UFBB,-39.0,-39.0,0.0
2023-01-27,70,UFBB,-39.0,-39.0,0.0
2023-01-27,71,UFBB,-39.0,-39.0,0.0
2023-01-27,72,UFBB,-39.0,-39.0,0.0
2023-01-27,73,UFBB,-8.924999999999999,-8.925,1.7763568394002505e-15
2023-01-27,74,UFBB,-8.924999999999999,-8.925,1.7763568394002505e-15
2023-01-27,75,UFBB,-8.924999999999999,-8.925,1.7763568394002505e-15
2023-01-27,76,UFBB,-8.924999999999999,-8.925,1.7763568394002505e-15
2023-01-28,17,MUEB,1.35,1.35,0.0
2023-01-28,18,MUEB,1.35,1.35,0.0
2023-01-28,19,MUEB,1.35,1.35,0.0
2023-01-28,20,MUEB,1.35,1.35,0.0
2023-01-28,21,MUEB,6.125,6.125,0.0
2023-01-28,22,MUEB,6.125,6.125,0.0
2023-01-28,23,MUEB,6.125,6.125,0.0
2023-01-28,24,MUEB,6.125,6.125,0.0
2023-01-28,25,MUEB,11.15,11.15,0.0
2023-01-28,25,SLTG,-0.9750000000000001,-0.975,1.1102230246251565e-16
2023-01-28,26,MUEB,11.15,11.15,0.0
2023-01-28,26,SLTG,-0.9750000000000001,-0.975,1.1102230246251565e-16
2023-01-28,27,MUEB,11.15,11.15,0.0
2023-01-28,27,SLTG,-0.9750000000000001,-0.975,1.1102230246251565e-16
2023-01-28,28,MUEB,11.15,11.15,0.0
2023-01-28,28,SLTG,-0.9750000000000001,-0.975,1.1102230246251565e-16
2023-01-28,29,MUEB,51.25,51.25,0.0
2023-01-28,30,MUEB,51.25,51.25,0.0
2023-01-28,31,MUEB,51.25,51.25,0.0
2023-01-28,32,MUEB,51.25,51.25,0.0
2023-01-28,33,MUEB,2.5,2.5,0.0
2023-01-28,34,MUEB,2.5,2.5,0.0
2023-01-28,35,MUEB,2.5,2.5,0.0
2023-01-28,36,MUEB,2.5,2.5,0.0
2023-01-28,37,MUEB,5.0,5.0,0.0
2023-01-28,38,MUEB,5.0,5.0,0.0
2023-01-28,39,MUEB,5.0,5.0,0.0
2023-01-28,40,MUEB,5.0,5.0,0.0
2023-01-28,41,MUEB,19.925,19.925,0.0
2023-01-28,42,MUEB,19.925,19.925,0.0
2023-01-28,43,MUEB,19.925,19.925,0.0
2023-01-28,44,MUEB,19.925,19.925,0.0
2023-01-28,45,IPB,16.5,16.5,0.0
2023-01-28,46,IPB,16.5,16.5,0.0
2023-01-28,47,IPB,16.5,16.5,0.0
2023-01-28,48,IPB,16.5,16.5,0.0
2023-01-28,49,GUIB,-2.225,-2.225,0.0
2023-01-28,50,GUIB,-2.225,-2.225,0.0
2023-01-28,51,GUIB,-2.225,-2.225,0.0
2023-01-28,52,GUIB,-2.225,-2.225,0.0
2023-01-28,53,UFBB,-0.55,-0.55,0.0
2023-01-28,54,UFBB,-0.55,-0.55,0.0
2023-01-28,55,UFBB,-0.55,-0.55,0.0
2023-01-28,56,UFBB,-0.55,-0.55,0.0
2023-01-28,61,AGUB,0.25,0.25,0.0
2023-01-28,61,UFBB,-13.0,-13.0,0.0
2023-01-28,62,AGUB,0.25,0.25,0.0
2023-01-28,62,UFBB,-13.0,-13.0,0.0
2023-01-28,63,AGUB,0.25,0.25,0.0
2023-01-28,63,UFBB,-13.0,-13.0,0.0
2023-01-28,64,AGUB,0.25,0.25,0.0
2023-01-28,64,UFBB,-13.0,-13.0,0.0
2023-01-28,65,AGUB,0.5,0.5,0.0
2023-01-28,65,UFBB,-1.575,-1.575,0.0
2023-01-28,66,AGUB,0.5,0.5,0.0
2023-01-28,66,UFBB,-1.575,-1.575,0.0
2023-01-28,67,AGUB,0.5,0.5,0.0
2023-01-28,67,UFBB,-1.575,-1.575,0.0
2023-01-28,68,AGUB,0.5,0.5,0.0
2023-01-28,68,UFBB,-1.575,-1.575,0.0
2023-01-28,73,UFBB,-16.9,-16.9,0.0
2023-01-28,74,UFBB,-16.9,-16.9,0.0
2023-01-28,75,UFBB,-16.9,-16.9,0.0
2023-01-28,76,UFBB,-16.9,-16.9,0.0
2023-01-28,77,MUEL,18.875,18.875,0.0
2023-01-28,77,UFBB,-9.075,-9.075,0.0
2023-01-28,78,MUEL,18.875,18.875,0.0
2023-01-28,78,UFBB,-9.075,-9.075,0.0
2023-01-28,79,MUEL,18.875,18.875,0.0
2023-01-28,79,UFBB,-9.075,-9.075,0.0
2023-01-28,80,MUEL,18.875,18.875,0.0
2023-01-28,80,UFBB,-9.075,-9.075,0.0
2023-01-28,81,MUEL,22.7,22.7,0.0
2023-01-28,82,MUEL,22.7,22.7,0.0
2023-01-28,83,MUEL,22.7,22.7,0.0
2023-01-28,84,MUEL,22.7,22.7,0.0
2023-01-28,85,MUEL,18.7,18.700000000000003,3.552713678800501e-15
2023-01-28,86,MUEL,18.7,18.700000000000003,3.552713678800501e-15
2023-01-28,87,MUEL,18.7,18.700000000000003,3.552713678800501e-15
2023-01-28,88,MUEL,18.7,18.700000000000003,3.552713678800501e-15
2023-01-28,89,MUEL,-7.25,-7.25,0.0
2023-01-28,90,MUEL,-7.25,-7.25,0.0
2023-01-28,91,MUEL,-7.25,-7.25,0.0
2023-01-28,92,MUEL,-7.25,-7.25,0.0
2023-01-29,33,MUEB,-13.35,-13.35,0.0
2023-01-29,34,MUEB,-13.35,-13.35,0.0
2023-01-29,35,MUEB,-13.35,-13.35,0.0
2023-01-29,36,MUEB,-13.35,-13.35,0.0
2023-01-29,45,MUEB,0.0,0.0,0.0
2023-01-29,45,UFBB,-24.025,-24.025,0.0
2023-01-29,46,MUEB,0.0,0.0,0.0
2023-01-29,46,UFBB,-24.025,-24.025,0.0
2023-01-29,47,MUEB,0.0,0.0,0.0
2023-01-29,47,UFBB,-24.025,-24.025,0.0
2023-01-29,48,MUEB,0.0,0.0,0.0
2023-01-29,48,UFBB,-24.025,-24.025,0.0
2023-01-29,53,UFBB,-13.0,-13.0,0.0
2023-01-29,54,UFBB,-13.0,-13.0,0.0
2023-01-29,55,UFBB,-13.0,-13.0,0.0
2023-01-29,56,UFBB,-13.0,-13.0,0.0
2023-01-29,57,IPB,0.925,0.925,0.0
2023-01-29,57,MUEB,-0.7249999999999999,-0.7250000000000001,2.220446049250313e-16
2023-01-29,57,UFBB,-13.0,-13.0,0.0
2023-01-29,58,IPB,0.925,0.925,0.0
2023-01-29,58,MUEB,-0.7249999999999999,-0.7250000000000001,2.220446049250313e-16
2023-01-29,58,UFBB,-13.0,-13.0,0.0
2023-01-29,59,IPB,0.925,0.925,0.0
2023-01-29,59,MUEB,-0.7249999999999999,-0.7250000000000001,2.220446049250313e-16
2023-01-29,59,UFBB,-13.0,-13.0,0.0
2023-01-29,60,IPB,0.925,0.925,0.0
2023-01-29,60,MUEB,-0.7249999999999999,-0.7250000000000001,2.220446049250313e-16
2023-01-29,60,UFBB,-13.0,-13.0,0.0
2023-01-29,61,MUEB,43.75,43.75,0.0
2023-01-29,62,MUEB,43.75,43.75,0.0
2023-01-29,63,MUEB,43.75,43.75,0.0
2023-01-29,64,MUEB,43.75,43.75,0.0
2023-01-29,65,AGUB,20.0,20.0,0.0
2023-01-29,66,AGUB,20.0,20.0,0.0
2023-01-29,67,AGUB,20.0,20.0,0.0
2023-01-29,68,AGUB,20.0,20.0,0.0
2023-01-30,9,SLTB,25.0,25.0,0.0
2023-01-30,10,SLTB,25.0,25.0,0.0
2023-01-30,11,SLTB,25.0,25.0,0.0
2023-01-30,12,SLTB,25.0,25.0,0.0
2023-01-30,13,SLTB,25.0,25.0,0.0
2023-01-30,14,SLTB,25.0,25.0,0.0
2023-01-30,15,SLTB,25.0,25.0,0.0
2023-01-30,16,SLTB,25.0,25.0,0.0
2023-01-30,29,MUEL,-12.0,-12.0,0.0
2023-01-30,30,MUEL,-12.0,-12.0,0.0
2023-01-30,31,MUEL,-12.0,-12.0,0.0
2023-01-30,32,MUEL,-12.0,-12.0,0.0
2023-01-30,49,MUEB,-2.95,-2.95,0.0
2023-01-30,50,MUEB,-2.95,-2.95,0.0
2023-01-30,51,MUEB,-2.95,-2.95,0.0
2023-01-30,52,MUEB,-2.95,-2.95,0.0
2023-01-30,53,UFBB,-13.0,-13.0,0.0
2023-01-30,54,UFBB,-13.0,-13.0,0.0
2023-01-30,55,UFBB,-13.0,-13.0,0.0
2023-01-30,56,UFBB,-13.0,-13.0,0.0
2023-01-30,57,MUEB,-13.9,-13.9,0.0
2023-01-30,58,MUEB,-13.9,-13.9,0.0
2023-01-30,59,MUEB,-13.9,-13.9,0.0
2023-01-30,60,MUEB,-13.9,-13.9,0.0
2023-01-30,61,MUEB,-63.4,-63.400000000000006,7.105427357601002e-15
2023-01-30,61,UFBB,-17.025,-17.025,0.0
2023-01-30,62,MUEB,-63.4,-63.400000000000006,7.105427357601002e-15
2023-01-30,62,UFBB,-17.025,-17.025,0.0
2023-01-30,63,MUEB,-63.4,-63.400000000000006,7.105427357601002e-15
2023-01-30,63,UFBB,-17.025,-17.025,0.0
2023-01-30,64,MUEB,-63.4,-63.400000000000006,7.105427357601002e-15
2023-01-30,64,UFBB,-17.025,-17.025,0.0
2023-01-30,65,MUEB,-66.75,-66.75,0.0
2023-01-30,65,UFBB,-13.175,-13.175,0.0
2023-01-30,66,MUEB,-66.75,-66.75,0.0
2023-01-30,66,UFBB,-13.175,-13.175,0.0
2023-01-30,67,MUEB,-66.75,-66.75,0.0
2023-01-30,67,UFBB,-13.175,-13.175,0.0
2023-01-30,68,MUEB,-66.75,-66.75,0.0
2023-01-30,68,UFBB,-13.175,-13.175,0.0
2023-01-30,69,AGUG,-1.625,-1.625,0.0
2023-01-30,70,AGUG,-1.625,-1.625,0.0
2023-01-30,71,AGUG,-1.625,-1.625,0.0
2023-01-30,72,AGUG,-1.625,-1.625,0.0
2023-01-30,73,UFBG,0.7,0.7,0.0
2023-01-30,74,UFBG,0.7,0.7,0.0
2023-01-30,75,UFBG,0.7,0.7,0.0
2023-01-30,76,UFBG,0.7,0.7,0.0
2023-01-30,81,UFBG,3.025,3.025,0.0
2023-01-30,82,UFBG,3.025,3.025,0.0
2023-01-30,83,UFBG,3.025,3.025,0.0
2023-01-30,84,UFBG,3.025,3.025,0.0
2023-01-30,89,MUEL,2.625,2.625,0.0
2023-01-30,89,UFBB,-0.95,-0.95,0.0
2023-01-30,90,MUEL,2.625,2.625,0.0
2023-01-30,90,UFBB,-0.95,-0.95,0.0
2023-01-30,91,MUEL,2.625,2.625,0.0
2023-01-30,91,UFBB,-0.95,-0.95,0.0
2023-01-30,92,MUEL,2.625,2.625,0.0
2023-01-30,92,UFBB,-0.95,-0.95,0.0
2023-01-30,93,MUEL,1.125,1.125,0.0
2023-01-30,94,MUEL,1.125,1.125,0.0
2023-01-30,95,MUEL,1.125,1.125,0.0
2023-01-30,96,MUEL,1.125,1.125,0.0
2023-01-31,1,MUEL,3.75,3.75,0.0
2023-01-31,2,MUEL,3.75,3.75,0.0
2023-01-31,3,MUEL,3.75,3.75,0.0
2023-01-31,4,MUEL,3.75,3.75,0.0
2023-01-31,37,UFBB,-13.0,-13.0,0.0
2023-01-31,38,UFBB,-13.0,-13.0,0.0
2023-01-31,39,UFBB,-13.0,-13.0,0.0
2023-01-31,40,UFBB,-13.0,-13.0,0.0
2023-01-31,41,MUEB,-6.45,-6.45,0.0
2023-01-31,42,MUEB,-6.45,-6.45,0.0
2023-01-31,43,MUEB,-6.45,-6.45,0.0
2023-01-31,44,MUEB,-6.45,-6.45,0.0
2023-01-31,45,UFBB,-13.3,-13.3,0.0
2023-01-31,46,UFBB,-13.3,-13.3,0.0
2023-01-31,47,UFBB,-13.3,-13.3,0.0
2023-01-31,48,UFBB,-13.3,-13.3,0.0
2023-01-31,65,AGUB,-14.55,-14.55,0.0
2023-01-31,65,MUEB,-10.825,-10.825,0.0
2023-01-31,66,AGUB,-14.55,-14.55,0.0
2023-01-31,66,MUEB,-10.825,-10.825,0.0
2023-01-31,67,AGUB,-14.55,-14.55,0.0
2023-01-31,67,MUEB,-10.825,-10.825,0.0
2023-01-31,68,AGUB,-14.55,-14.55,0.0
2023-01-31,68,MUEB,-10.825,-10.825,0.0
2023-01-31,69,MUEL,28.9,28.9,0.0
2023-01-31,70,MUEL,28.9,28.9,0.0
2023-01-31,71,MUEL,28.9,28.9,0.0
2023-01-31,72,MUEL,28.9,28.9,0.0
2023-01-31,93,MUEL,0.025,0.025,0.0
2023-01-31,94,MUEL,0.025,0.025,0.0
2023-01-31,95,MUEL,0.025,0.025,0.0
2023-01-31,96,MUEL,0.025,0.025,0.0
